hub,month,future,fwd,fixing,lot_size,note,atm_vol,vol_source,option_expiry,vol
TTF,2026-10,TZTV26 Comdty,72.65,2026-09-29,745.0,,0.8626685874999999,FJSV6C   72 Comdty [IVOL_MID] / FJSV6C   73 Comdty [IVOL_MID],2026-09-25,0.8626685874999999
TTF,2026-11,TZTX26 Comdty,72.53,2026-10-29,720.0,,0.8935531413,FJSX6C   72 Comdty [IVOL_MID] / FJSX6C   73 Comdty [IVOL_MID],2026-10-27,0.8935531413
TTF,2026-12,TZTZ26 Comdty,72.28,2026-11-27,744.0,,0.9608414736,FJSZ6C   72 Comdty [IVOL_MID] / FJSZ6C   73 Comdty [IVOL_MID],2026-11-26,0.9608414736
TTF,2027-01,TZTF27 Comdty,72.025,2026-12-30,744.0,,0.9540107285000001,FJSF7C   72 Comdty [IVOL_MID] / FJSF7C   73 Comdty [IVOL_MID],2026-12-24,0.9540107285000001
TTF,2027-02,TZTG27 Comdty,71.495,2027-01-28,672.0,,0.9391235701,FJSG7C   71 Comdty [IVOL_MID] / FJSG7C   72 Comdty [IVOL_MID],2027-01-27,0.9391235701
TTF,2027-03,TZTH27 Comdty,69.155,2027-02-25,743.0,,0.91292170885,FJSH7C   69 Comdty [IVOL_MID] / FJSH7C   70 Comdty [IVOL_MID],2027-02-24,0.91292170885
TTF,2027-04,TZTJ27 Comdty,57.755,2027-03-30,720.0,,0.6794668852,FJSJ7C   57 Comdty [IVOL_LAST] / FJSJ7C   58 Comdty [IVOL_LAST],2027-03-25,0.6794668852
TTF,2027-05,TZTK27 Comdty,53.74,2027-04-29,744.0,,0.602419645,FJSK7C   53 Comdty [IVOL_LAST] / FJSK7C   54 Comdty [IVOL_LAST],2027-04-26,0.602419645
TTF,2027-06,TZTM27 Comdty,52.14,2027-05-27,720.0,,0.5645516272000001,FJSM7C   52 Comdty [IVOL_LAST] / FJSM7C   53 Comdty [IVOL_LAST],2027-05-26,0.5645516272000001
TTF,2027-07,TZTN27 Comdty,51.445,2027-06-29,744.0,,0.53698361305,FJSN7C   51 Comdty [IVOL_LAST] / FJSN7C   52 Comdty [IVOL_LAST],2027-06-25,0.53698361305
TTF,2027-08,TZTQ27 Comdty,51.25,2027-07-29,744.0,,0.53919819,FJSQ7C   51 Comdty [IVOL_LAST] / FJSQ7C   52 Comdty [IVOL_LAST],2027-07-27,0.53919819
TTF,2027-09,TZTU27 Comdty,51.0,2027-08-27,720.0,,0.54662985,FJSU7C   51 Comdty [IVOL_LAST],2027-08-26,0.54662985
TTF,2027-10,TZTV27 Comdty,50.65,2027-09-29,745.0,,0.5722450235,FJSV7C   50 Comdty [IVOL_LAST] / FJSV7C   51 Comdty [IVOL_LAST],2027-09-24,0.5722450235
HH,2026-10,NGV26 Comdty,3.0460000000000003,2026-09-28,10000.0,,0.6622062232000002,NGV6C    3 Comdty [IVOL_MID] / NGV6C    3.05 Comdty [IVOL_MID],2026-09-25,0.6622062232000002
HH,2026-11,NGX26 Comdty,3.206,2026-10-28,10000.0,,0.5108714208,NGX6C    3.2 Comdty [IVOL_MID] / NGX6C    3.25 Comdty [IVOL_MID],2026-10-27,0.5108714208
HH,2026-12,NGZ26 Comdty,3.544,2026-11-25,10000.0,,0.5477682608,NGZ6C    3.5 Comdty [IVOL_MID] / NGZ6C    3.55 Comdty [IVOL_MID],2026-11-24,0.5477682608
HH,2027-01,NGF27 Comdty,3.9,2026-12-29,10000.0,,0.5982862,NGF7C    3.9 Comdty [IVOL_MID],2026-12-28,0.5982862
HH,2027-02,NGG27 Comdty,3.561,2027-01-27,10000.0,,0.6450595004,NGG7C    3.55 Comdty [IVOL_MID] / NGG7C    3.6 Comdty [IVOL_MID],2027-01-26,0.6450595004
HH,2027-03,NGH27 Comdty,2.872,2027-02-24,10000.0,,0.5329519436,NGH7C    2.85 Comdty [IVOL_MID] / NGH7C    2.9 Comdty [IVOL_MID],2027-02-23,0.5329519436
HH,2027-04,NGJ27 Comdty,2.749,2027-03-29,10000.0,,0.44883613600000005,NGJ7P    2.7 Comdty [IVOL_MID] / NGJ7P    2.75 Comdty [IVOL_MID],2027-03-25,0.44883613600000005
HH,2027-05,NGK27 Comdty,2.773,2027-04-28,10000.0,"vol FILLED from 2027-04; NGK27 Comdty: no IVOL_MID or IVOL_LAST at strikes [np.float64(2.75), np.float64(2.8)]",,,,0.44883613600000005
HH,2027-06,NGM27 Comdty,2.93,2027-05-26,10000.0,"vol FILLED from 2027-04; NGM27 Comdty: no IVOL_MID or IVOL_LAST at strikes [np.float64(2.9), np.float64(2.95)]",,,,0.44883613600000005
HH,2027-07,NGN27 Comdty,3.153,2027-06-28,10000.0,"vol FILLED from 2027-04; NGN27 Comdty: no IVOL_MID or IVOL_LAST at strikes [np.float64(3.15), np.float64(3.2)]",,,,0.44883613600000005
HH,2027-08,NGQ27 Comdty,3.227,2027-07-28,10000.0,"vol FILLED from 2027-04; NGQ27 Comdty: no IVOL_MID or IVOL_LAST at strikes [np.float64(3.2), np.float64(3.25)]",,,,0.44883613600000005
HH,2027-09,NGU27 Comdty,3.211,2027-08-27,10000.0,"vol FILLED from 2027-04; NGU27 Comdty: no IVOL_MID or IVOL_LAST at strikes [np.float64(3.2), np.float64(3.25)]",,,,0.44883613600000005
HH,2027-10,NGV27 Comdty,3.297,2027-09-28,10000.0,vol FILLED from 2027-04; NGV27 Comdty: forward 3.297 outside the listed strikes,,,,0.44883613600000005
