pair,window_lo,window_hi,n_obs,n_anchors,return_days,TTF_M/TTF_M1,TTF_M/TTF_M1 daily,HH_M/HH_M1,HH_M/HH_M1 daily,TTF_M/HH_M,TTF_M/HH_M daily
2026-10_2026-11,0,45,279,48,5,0.9861555018967723,0.9880792786868833,0.9460542721739922,0.9612943496799081,0.3096159385122258,0.16792041519230735
2026-11_2026-12,0,45,273,47,5,0.9859288152475251,0.9876465911904787,0.9445851659376368,0.9605645570513683,0.30556619052080974,0.16422879729394918
2026-12_2027-01,0,63,370,46,5,0.9885730322341663,0.9907266266588943,0.9538024841315025,0.9674561574981373,0.27325169271585564,0.15256795867121445
2027-01_2027-02,0,97,579,45,5,0.990275112043062,0.9918604651851385,0.9622795663499373,0.9731657911809489,0.2618212780785967,0.15668887957709024
2027-02_2027-03,0,126,744,44,5,0.9916179684114739,0.9925367070510622,0.9653206912582292,0.975338605539546,0.2558652345902977,0.15606869597962258
2027-03_2027-04,0,154,893,43,5,0.9923507607395466,0.9930520300273002,0.9671685589645546,0.977294730429391,0.24424794038054748,0.1579095123102887
2027-04_2027-05,0,187,1051,42,5,0.9930404106979804,0.993470663480358,0.9696575326436595,0.9797174168522259,0.23719352517594378,0.15838850039445745
2027-05_2027-06,0,217,1199,41,5,0.9933303298470686,0.9936849976144083,0.9703089210311113,0.9804254516432303,0.2266780477943698,0.15823113275270329
2027-06_2027-07,0,245,1323,40,5,0.9933169901781631,0.993699324962876,0.9705601722115134,0.9806533468444646,0.22062254078590599,0.15685763796925442
2027-07_2027-08,0,278,1466,39,5,0.9933587030883401,0.9937937989614184,0.971237676627587,0.9808004799038974,0.2241044775453647,0.15657174768098867
2027-08_2027-09,0,308,1592,38,5,0.9934716523683903,0.9938174027384463,0.9715782856276715,0.9808683002697208,0.23091283995738784,0.15746475553354097
2027-09_2027-10,0,338,1700,37,5,0.9934652088973083,0.9938327271138679,0.9717202108840497,0.9808160744858346,0.2374195165407263,0.15867331014827887
