hub,month,contract_month,future,fwd,fixing,lot_size,note,atm_vol,vol_source,option_expiry,fx,vol
TTF,2026-10,2026-10,TZTV26 Comdty,74.445,2026-09-29,745.0,,0.7955651777500001,FJSV6C   74 Comdty [IVOL_MID] / FJSV6C   75 Comdty [IVOL_MID],2026-09-25,1.1378548747433266,0.7955651777500001
TTF,2026-11,2026-11,TZTX26 Comdty,74.285,2026-10-29,720.0,,0.88616631975,FJSX6C   74 Comdty [IVOL_MID] / FJSX6C   75 Comdty [IVOL_MID],2026-10-27,1.1394118028747435,0.88616631975
TTF,2026-12,2026-12,TZTZ26 Comdty,74.075,2026-11-27,744.0,,0.961018936,FJSZ6C   74 Comdty [IVOL_MID] / FJSZ6C   75 Comdty [IVOL_MID],2026-11-26,1.1408497453798767,0.961018936
TTF,2027-01,2027-01,TZTF27 Comdty,73.935,2026-12-30,744.0,,0.9656984015500001,FJSF7C   73 Comdty [IVOL_MID] / FJSF7C   74 Comdty [IVOL_MID],2026-12-24,1.142325462696783,0.9656984015500001
TTF,2027-02,2027-02,TZTG27 Comdty,73.4,2027-01-28,672.0,,0.950675742,FJSG7C   73 Comdty [IVOL_MID] / FJSG7C   74 Comdty [IVOL_MID],2027-01-27,1.143821271047228,0.950675742
TTF,2027-03,2027-03,TZTH27 Comdty,71.215,2027-02-25,743.0,,0.9200971086,FJSH7C   71 Comdty [IVOL_MID] / FJSH7C   72 Comdty [IVOL_MID],2027-02-24,1.1451723237508555,0.9200971086
TTF,2027-04,2027-04,TZTJ27 Comdty,59.46,2027-03-30,720.0,,0.7118972862,FJSJ7C   59 Comdty [IVOL_LAST] / FJSJ7C   60 Comdty [IVOL_LAST],2027-03-25,1.1466136872005477,0.7118972862
TTF,2027-05,2027-05,TZTK27 Comdty,55.125,2027-04-29,744.0,,0.61250753,FJSK7C   55 Comdty [IVOL_LAST] / FJSK7C   56 Comdty [IVOL_LAST],2027-04-26,1.1479810793976728,0.61250753
TTF,2027-06,2027-06,TZTM27 Comdty,53.495,2027-05-27,720.0,,0.56312097495,FJSM7C   53 Comdty [IVOL_LAST] / FJSM7C   54 Comdty [IVOL_LAST],2027-05-26,1.1493940513347023,0.56312097495
TTF,2027-07,2027-07,TZTN27 Comdty,52.815,2027-06-29,744.0,,0.5376446523,FJSN7C   52 Comdty [IVOL_LAST] / FJSN7C   53 Comdty [IVOL_LAST],2027-06-25,1.150780997946612,0.5376446523
TTF,2027-08,2027-08,TZTQ27 Comdty,50.723,2027-07-29,744.0,,0.54535777279,FJSQ7C   50 Comdty [IVOL_LAST] / FJSQ7C   51 Comdty [IVOL_LAST],2027-07-27,1.1522241848049282,0.54535777279
TTF,2027-09,2027-09,TZTU27 Comdty,50.47,2027-08-27,720.0,,0.5494629392,FJSU7C   50 Comdty [IVOL_LAST] / FJSU7C   51 Comdty [IVOL_LAST],2027-08-26,1.1536673716632444,0.5494629392
TTF,2027-10,2027-10,TZTV27 Comdty,50.351,2027-09-29,745.0,,0.56710743895,FJSV7C   50 Comdty [IVOL_LAST] / FJSV7C   51 Comdty [IVOL_LAST],2027-09-24,1.1550524147843944,0.56710743895
TTF,2028-01,2028-01,TZTF28 Comdty,50.5,2027-12-30,744.0,,0.58512606,FJSF8C   50 Comdty [IVOL_LAST] / FJSF8C   51 Comdty [IVOL_LAST],2027-12-24,1.1592840369609856,0.58512606
TTF,2028-02,2028-02,TZTG28 Comdty,48.435,2028-01-28,696.0,,0.5824356247999999,FJSG8C   48 Comdty [IVOL_LAST] / FJSG8C   49 Comdty [IVOL_LAST],2028-01-27,1.1607099096509241,0.5824356247999999
TTF,2028-03,2028-03,TZTH28 Comdty,45.047,2028-02-28,743.0,,0.56798687076,FJSH8C   45 Comdty [IVOL_LAST] / FJSH8C   46 Comdty [IVOL_LAST],2028-02-25,1.1620437905544148,0.56798687076
TTF,2028-04,2028-04,TZTJ28 Comdty,37.3,2028-03-30,720.0,,0.43098369000000003,FJSJ8C   37 Comdty [IVOL_LAST] / FJSJ8C   38 Comdty [IVOL_LAST],2028-03-27,1.1634837754962355,0.43098369000000003
TTF,2028-05,2028-05,TZTK28 Comdty,33.476,2028-04-27,744.0,,0.4207536564,FJSK8C   33 Comdty [IVOL_LAST] / FJSK8C   34 Comdty [IVOL_LAST],2028-04-26,1.1648836933607118,0.4207536564
TTF,2028-06,2028-06,TZTM28 Comdty,32.831,2028-05-30,720.0,,0.4200458879,FJSM8C   32 Comdty [IVOL_LAST] / FJSM8C   33 Comdty [IVOL_LAST],2028-05-26,1.1663302751540041,0.4200458879
TTF,2028-07,2028-07,TZTN28 Comdty,32.989,2028-06-29,744.0,,0.41572996014,FJSN8C   32 Comdty [IVOL_LAST] / FJSN8C   33 Comdty [IVOL_LAST],2028-06-26,1.1677301930184805,0.41572996014
TTF,2028-08,2028-08,TZTQ28 Comdty,32.769,2028-07-28,744.0,,0.41180636164999995,FJSQ8C   32 Comdty [IVOL_LAST] / FJSQ8C   33 Comdty [IVOL_LAST],2028-07-27,1.1691767748117727,0.41180636164999995
TTF,2028-09,2028-09,TZTU28 Comdty,32.834,2028-08-30,720.0,,0.40884930908000006,FJSU8C   32 Comdty [IVOL_LAST] / FJSU8C   33 Comdty [IVOL_LAST],2028-08-25,1.170623356605065,0.40884930908000006
TTF,2028-10,2028-10,TZTV28 Comdty,33.148,2028-09-28,745.0,,0.44927037384000007,FJSV8C   33 Comdty [IVOL_LAST] / FJSV8C   34 Comdty [IVOL_LAST],2028-09-26,1.1719877796030116,0.44927037384000007
TTF,2028-11,2028-11,TZTX28 Comdty,33.653,2028-10-30,720.0,,0.44809918277,FJSX8C   33 Comdty [IVOL_LAST] / FJSX8C   34 Comdty [IVOL_LAST],2028-10-27,1.17338318275154,0.44809918277
TTF,2028-12,2028-12,TZTZ28 Comdty,34.043,2028-11-29,744.0,,0.44758802419,FJSZ8C   34 Comdty [IVOL_LAST] / FJSZ8C   35 Comdty [IVOL_LAST],2028-11-24,1.1747335728952772,0.44758802419
TTF,2029-01,2029-01,TZTF29 Comdty,34.678,2028-12-28,744.0,,0.44347749954,FJSF9C   34 Comdty [IVOL_LAST] / FJSF9C   35 Comdty [IVOL_LAST],2028-12-27,1.1761289760438056,0.44347749954
TTF,2029-02,2029-02,TZTG29 Comdty,34.508,2029-01-30,672.0,,0.44053952896,FJSG9C   34 Comdty [IVOL_LAST] / FJSG9C   35 Comdty [IVOL_LAST],2029-01-26,1.177524379192334,0.44053952896
TTF,2029-03,2029-03,TZTH29 Comdty,33.425,2029-02-27,743.0,,0.4310799385,FJSH9C   33 Comdty [IVOL_LAST] / FJSH9C   34 Comdty [IVOL_LAST],2029-02-23,1.1787847433264886,0.4310799385
TTF,2029-04,2029-04,TZTJ29 Comdty,28.75,2029-03-28,720.0,,0.379848535,FJSJ9C   28 Comdty [IVOL_LAST] / FJSJ9C   29 Comdty [IVOL_LAST],2029-03-27,1.1801801464750172,0.379848535
TTF,2029-05,2029-05,TZTK29 Comdty,27.668,2029-04-27,744.0,,0.37752455683999997,FJSK9C   27 Comdty [IVOL_LAST] / FJSK9C   28 Comdty [IVOL_LAST],2029-04-26,1.1815305366187543,0.37752455683999997
TTF,2029-06,2029-06,TZTM29 Comdty,27.163,2029-05-30,720.0,,0.37647148743000003,FJSM9C   27 Comdty [IVOL_LAST] / FJSM9C   28 Comdty [IVOL_LAST],2029-05-25,1.1829259397672827,0.37647148743000003
TTF,2029-07,2029-07,TZTN29 Comdty,26.438,2029-06-28,744.0,,0.36554879525999995,FJSN9C   26 Comdty [IVOL_LAST] / FJSN9C   27 Comdty [IVOL_LAST],2029-06-26,1.18427632991102,0.36554879525999995
TTF,2029-08,2029-08,TZTQ29 Comdty,26.438,2029-07-30,744.0,,0.3634434996,FJSQ9C   26 Comdty [IVOL_LAST] / FJSQ9C   27 Comdty [IVOL_LAST],2029-07-27,1.1856717330595483,0.3634434996
TTF,2029-09,2029-09,TZTU29 Comdty,26.738,2029-08-30,720.0,,0.36036191946,FJSU9C   26 Comdty [IVOL_LAST] / FJSU9C   27 Comdty [IVOL_LAST],2029-08-24,1.1870671362080767,0.36036191946
TTF,2029-10,2029-10,TZTV29 Comdty,27.098,2029-09-27,745.0,,0.33662083916,FJSV9C   27 Comdty [IVOL_LAST] / FJSV9C   28 Comdty [IVOL_LAST],2029-09-26,1.188394720054757,0.33662083916
TTF,2029-11,2029-11,TZTX29 Comdty,27.518,2029-10-30,720.0,,0.33547479378000006,FJSX9C   27 Comdty [IVOL_LAST] / FJSX9C   28 Comdty [IVOL_LAST],2029-10-26,1.1897568528405202,0.33547479378000006
TTF,2029-12,2029-12,TZTZ29 Comdty,27.934,2029-11-29,744.0,,0.33516181340000006,FJSZ9C   27 Comdty [IVOL_LAST] / FJSZ9C   28 Comdty [IVOL_LAST],2029-11-26,1.1910750458590007,0.33516181340000006
TTF,2030-01,2030-01,TZTF30 Comdty,27.888,2029-12-28,744.0,,0.33331879104,FJSF0C   27 Comdty [IVOL_LAST] / FJSF0C   28 Comdty [IVOL_LAST],2029-12-27,1.192437178644764,0.33331879104
TTF,2030-02,2030-02,TZTG30 Comdty,27.872,2030-01-30,672.0,,0.3343171256,FJSG0C   27 Comdty [IVOL_LAST] / FJSG0C   28 Comdty [IVOL_LAST],2030-01-25,1.1937993114305272,0.3343171256
TTF,2030-03,2030-03,TZTH30 Comdty,27.826,2030-02-27,743.0,,0.33525152983999995,FJSH0C   27 Comdty [IVOL_LAST] / FJSH0C   28 Comdty [IVOL_LAST],2030-02-22,1.1950296249144423,0.33525152983999995
TTF,2030-04,2030-04,TZTJ30 Comdty,25.705,2030-03-28,720.0,,0.33313096124999997,FJSJ0C   25 Comdty [IVOL_LAST] / FJSJ0C   26 Comdty [IVOL_LAST],2030-03-27,1.1963917577002054,0.33313096124999997
TTF,2030-05,2030-05,TZTK30 Comdty,25.385,2030-04-29,744.0,,0.3337164911,FJSK0C   25 Comdty [IVOL_LAST] / FJSK0C   26 Comdty [IVOL_LAST],2030-04-26,1.197709950718686,0.3337164911
TTF,2030-06,2030-06,TZTM30 Comdty,25.07,2030-05-30,720.0,,0.33418278900000004,FJSM0C   25 Comdty [IVOL_LAST] / FJSM0C   26 Comdty [IVOL_LAST],2030-05-24,1.199072083504449,0.33418278900000004
TTF,2030-07,2030-07,TZTN30 Comdty,23.605,2030-06-27,744.0,,0.333393049,FJSN0C   23 Comdty [IVOL_LAST] / FJSN0C   24 Comdty [IVOL_LAST],2030-06-26,1.2003902765229295,0.333393049
TTF,2030-08,2030-08,TZTQ30 Comdty,23.93,2030-07-30,744.0,,0.3347520729,FJSQ0C   23 Comdty [IVOL_LAST] / FJSQ0C   24 Comdty [IVOL_LAST],2030-07-26,1.2017524093086926,0.3347520729
TTF,2030-09,2030-09,TZTU30 Comdty,24.59,2030-08-29,720.0,,0.3368382624,FJSU0C   24 Comdty [IVOL_LAST] / FJSU0C   25 Comdty [IVOL_LAST],2030-08-27,1.203114542094456,0.3368382624
TTF,2030-10,2030-10,TZTV30 Comdty,25.145,2030-09-27,745.0,,0.33861367235,FJSV0C   25 Comdty [IVOL_LAST] / FJSV0C   26 Comdty [IVOL_LAST],2030-09-26,1.204425318275154,0.33861367235
TTF,2030-11,2030-11,TZTX30 Comdty,25.93,2030-10-30,720.0,vol FILLED samuelson: realised curve x0.607 (scale from 2029-11..2030-10); Empty OPT_CHAIN for FJSX30 Comdty,,,,1.2057765023956195,0.3206730094463779
TTF,2030-12,2030-12,TZTZ30 Comdty,26.39,2030-11-28,744.0,vol FILLED samuelson: realised curve x0.607 (scale from 2029-11..2030-10); Empty OPT_CHAIN for FJSZ30 Comdty,,,,1.2070840999315537,0.31824219196041914
TTF,2031-01,2031-01,TZTF31 Comdty,26.355,2030-12-30,744.0,vol FILLED samuelson: realised curve x0.607 (scale from 2029-11..2030-10); Empty OPT_CHAIN for FJSF31 Comdty,,,,1.2084352840520192,0.3156444842882055
TTF,2031-02,2031-02,TZTG31 Comdty,26.21,2031-01-30,672.0,vol FILLED samuelson: realised curve x0.607 (scale from 2029-11..2030-10); Empty OPT_CHAIN for FJSG31 Comdty,,,,1.2097864681724846,0.31320838375763294
TTF,2031-03,2031-03,TZTH31 Comdty,25.95,2031-02-27,743.0,vol FILLED samuelson: realised curve x0.607 (scale from 2029-11..2030-10); Empty OPT_CHAIN for FJSH31 Comdty,,,,1.2110068925393567,0.31107279423222245
TTF,2031-04,2031-04,TZTJ31 Comdty,24.84,2031-03-28,720.0,vol FILLED samuelson: realised curve x0.607 (scale from 2029-11..2030-10); Empty OPT_CHAIN for FJSJ31 Comdty,,,,1.212358076659822,0.3089227694084251
TTF,2031-05,2031-05,TZTK31 Comdty,24.51,2031-04-29,744.0,vol FILLED samuelson: realised curve x0.607 (scale from 2029-11..2030-10); Empty OPT_CHAIN for FJSK31 Comdty,,,,1.2136656741957563,0.30662003504937163
TTF,2031-06,2031-06,TZTM31 Comdty,24.405,2031-05-29,720.0,vol FILLED samuelson: realised curve x0.607 (scale from 2029-11..2030-10); Empty OPT_CHAIN for FJSM31 Comdty,,,,1.2150168583162217,0.3045246138786942
TTF,2031-07,2031-07,TZTN31 Comdty,23.19,2031-06-27,744.0,vol FILLED samuelson: realised curve x0.607 (scale from 2029-11..2030-10); Empty OPT_CHAIN for FJSN31 Comdty,,,,1.216324455852156,0.3025547384637714
TTF,2031-08,2031-08,TZTQ31 Comdty,23.375,2031-07-30,744.0,vol FILLED samuelson: realised curve x0.607 (scale from 2029-11..2030-10); Empty OPT_CHAIN for FJSQ31 Comdty,,,,1.2176756399726214,0.3003767941744232
TTF,2031-09,2031-09,TZTU31 Comdty,23.875,2031-08-28,720.0,vol FILLED samuelson: realised curve x0.607 (scale from 2029-11..2030-10); Empty OPT_CHAIN for FJSU31 Comdty,,,,1.219026824093087,0.2985163435849615
TTF,2031-10,2031-10,TZTV31 Comdty,25.09,2031-09-29,745.0,vol FILLED samuelson: realised curve x0.607 (scale from 2029-11..2030-10); Empty OPT_CHAIN for FJSV31 Comdty,,,,1.2203557255304587,0.2964634950058794
TTF,2031-11,2031-11,TZTX31 Comdty,25.805,2031-10-30,720.0,vol FILLED samuelson: realised curve x0.607 (scale from 2029-11..2030-10); Empty OPT_CHAIN for FJSX31 Comdty,,,,1.2217387371663244,0.2942985483382886
TTF,2031-12,2031-12,TZTZ31 Comdty,26.035,2031-11-27,744.0,vol FILLED samuelson: realised curve x0.607 (scale from 2029-11..2030-10); Empty OPT_CHAIN for FJSZ31 Comdty,,,,1.223077135523614,0.2923910054629183
HH,2026-10,2026-10,NGV26 Comdty,3.031,2026-09-28,10000.0,,0.7316820058000002,NGV6C    3 Comdty [IVOL_MID] / NGV6C    3.05 Comdty [IVOL_MID],2026-09-25,,0.7316820058000002
HH,2026-11,2026-11,NGX26 Comdty,3.172,2026-10-28,10000.0,,0.5244666436,NGX6C    3.15 Comdty [IVOL_MID] / NGX6C    3.2 Comdty [IVOL_MID],2026-10-27,,0.5244666436
HH,2026-12,2026-12,NGZ26 Comdty,3.523,2026-11-25,10000.0,,0.5558083216,NGZ6C    3.5 Comdty [IVOL_MID] / NGZ6C    3.55 Comdty [IVOL_MID],2026-11-24,,0.5558083216
HH,2027-01,2027-01,NGF27 Comdty,3.896,2026-12-29,10000.0,,0.6102593772,NGF7C    3.85 Comdty [IVOL_MID] / NGF7C    3.9 Comdty [IVOL_MID],2026-12-28,,0.6102593772
HH,2027-02,2027-02,NGG27 Comdty,3.56,2027-01-27,10000.0,,0.6552419340000001,NGG7C    3.55 Comdty [IVOL_MID] / NGG7C    3.6 Comdty [IVOL_MID],2027-01-26,,0.6552419340000001
HH,2027-03,2027-03,NGH27 Comdty,2.865,2027-02-24,10000.0,,0.5387470470000001,NGH7C    2.85 Comdty [IVOL_MID] / NGH7C    2.9 Comdty [IVOL_MID],2027-02-23,,0.5387470470000001
HH,2027-04,2027-04,NGJ27 Comdty,2.742,2027-03-29,10000.0,,0.4439042036,NGJ7C    2.7 Comdty [IVOL_MID] / NGJ7C    2.75 Comdty [IVOL_MID],2027-03-25,,0.4439042036
HH,2027-05,2027-05,NGK27 Comdty,2.766,2027-04-28,10000.0,"vol FILLED samuelson: realised curve x0.973 (scale from 2026-10..2027-04); NGK27 Comdty: no IVOL_MID or IVOL_LAST at strikes [np.float64(2.75), np.float64(2.8)]",,,,,0.5053075604387035
HH,2027-06,2027-06,NGM27 Comdty,2.922,2027-05-26,10000.0,"vol FILLED samuelson: realised curve x0.973 (scale from 2026-10..2027-04); NGM27 Comdty: no IVOL_MID or IVOL_LAST at strikes [np.float64(2.9), np.float64(2.95)]",,,,,0.49481881000084676
HH,2027-07,2027-07,NGN27 Comdty,3.148,2027-06-28,10000.0,"vol FILLED samuelson: realised curve x0.973 (scale from 2026-10..2027-04); NGN27 Comdty: no IVOL_MID or IVOL_LAST at strikes [np.float64(3.1), np.float64(3.15)]",,,,,0.48353389442128153
HH,2027-08,2027-08,NGQ27 Comdty,3.22,2027-07-28,10000.0,"vol FILLED samuelson: realised curve x0.973 (scale from 2026-10..2027-04); NGQ27 Comdty: no IVOL_MID or IVOL_LAST at strikes [np.float64(3.2), np.float64(3.25)]",,,,,0.47070445324272464
HH,2027-09,2027-09,NGU27 Comdty,3.205,2027-08-27,10000.0,"vol FILLED samuelson: realised curve x0.973 (scale from 2026-10..2027-04); NGU27 Comdty: no IVOL_MID or IVOL_LAST at strikes [np.float64(3.2), np.float64(3.25)]",,,,,0.4598912735644236
HH,2027-10,2027-10,NGV27 Comdty,3.291,2027-09-28,10000.0,vol FILLED samuelson: realised curve x0.973 (scale from 2026-10..2027-04); NGV27 Comdty: forward 3.291 outside the listed strikes,,,,,0.4496139696131109
HH,2028-01,2028-01,NGF28 Comdty,4.615,2027-12-29,10000.0,vol FILLED samuelson: realised curve x0.973 (scale from 2026-10..2027-04); NGF28 Comdty: forward 4.615 outside the listed strikes,,,,,0.41927012845304196
HH,2028-02,2028-02,NGG28 Comdty,4.212,2028-01-27,10000.0,vol FILLED samuelson: realised curve x0.973 (scale from 2026-10..2027-04); NGG28 Comdty: forward 4.212 outside the listed strikes,,,,,0.4117388772831092
HH,2028-03,2028-03,NGH28 Comdty,3.49,2028-02-25,10000.0,vol FILLED samuelson: realised curve x0.973 (scale from 2026-10..2027-04); NGH28 Comdty: forward 3.49 outside the listed strikes,,,,,0.4049318191911939
HH,2028-04,2028-04,NGJ28 Comdty,3.2600000000000002,2028-03-29,10000.0,vol FILLED samuelson: realised curve x0.973 (scale from 2026-10..2027-04); NGJ28 Comdty: forward 3.2600000000000002 outside the listed strikes,,,,,0.3971112882019506
HH,2028-05,2028-05,NGK28 Comdty,3.257,2028-04-26,10000.0,vol FILLED samuelson: realised curve x0.973 (scale from 2026-10..2027-04); NGK28 Comdty: forward 3.257 outside the listed strikes,,,,,0.38988022449662496
HH,2028-06,2028-06,NGM28 Comdty,3.41,2028-05-26,10000.0,vol FILLED samuelson: realised curve x0.973 (scale from 2026-10..2027-04); NGM28 Comdty: forward 3.41 outside the listed strikes,,,,,0.3827388920169146
HH,2028-07,2028-07,NGN28 Comdty,3.622,2028-06-28,10000.0,vol FILLED samuelson: realised curve x0.973 (scale from 2026-10..2027-04); NGN28 Comdty: forward 3.622 outside the listed strikes,,,,,0.37551888642108683
HH,2028-08,2028-08,NGQ28 Comdty,3.6830000000000003,2028-07-27,10000.0,vol FILLED samuelson: realised curve x0.973 (scale from 2026-10..2027-04); NGQ28 Comdty: forward 3.6830000000000003 outside the listed strikes,,,,,0.3696583217179453
HH,2028-09,2028-09,NGU28 Comdty,3.641,2028-08-29,10000.0,vol FILLED samuelson: realised curve x0.973 (scale from 2026-10..2027-04); NGU28 Comdty: forward 3.641 outside the listed strikes,,,,,0.36347597597603365
HH,2028-10,2028-10,NGV28 Comdty,3.704,2028-09-27,10000.0,vol FILLED samuelson: realised curve x0.973 (scale from 2026-10..2027-04); NGV28 Comdty: forward 3.704 outside the listed strikes,,,,,0.35833836123633034
HH,2028-11,2028-11,NGX28 Comdty,3.871,2028-10-27,10000.0,vol FILLED samuelson: realised curve x0.973 (scale from 2026-10..2027-04); NGX28 Comdty: forward 3.871 outside the listed strikes,,,,,0.3528211529175534
HH,2028-12,2028-12,NGZ28 Comdty,4.41,2028-11-28,10000.0,"vol FILLED samuelson: realised curve x0.973 (scale from 2026-10..2027-04); NGZ28 Comdty: no IVOL_MID or IVOL_LAST at strikes [np.float64(3.95), np.float64(8.0)]",,,,,0.34730902451865625
HH,2029-01,2029-01,NGF29 Comdty,4.841,2028-12-27,10000.0,vol FILLED samuelson: realised curve x0.973 (scale from 2026-10..2027-04); NGF29 Comdty: forward 4.841 outside the listed strikes,,,,,0.3426145763238341
HH,2029-02,2029-02,NGG29 Comdty,4.38,2029-01-29,10000.0,vol FILLED samuelson: realised curve x0.973 (scale from 2026-10..2027-04); NGG29 Comdty: forward 4.38 outside the listed strikes,,,,,0.3375878050320362
HH,2029-03,2029-03,NGH29 Comdty,3.457,2029-02-26,10000.0,vol FILLED samuelson: realised curve x0.973 (scale from 2026-10..2027-04); NGH29 Comdty: forward 3.457 outside the listed strikes,,,,,0.3335627517151775
HH,2029-04,2029-04,NGJ29 Comdty,3.178,2029-03-27,10000.0,vol FILLED samuelson: realised curve x0.973 (scale from 2026-10..2027-04); NGJ29 Comdty: forward 3.178 outside the listed strikes,,,,,0.32960659663296843
HH,2029-05,2029-05,NGK29 Comdty,3.16,2029-04-26,10000.0,vol FILLED samuelson: realised curve x0.973 (scale from 2026-10..2027-04); NGK29 Comdty: forward 3.16 outside the listed strikes,,,,,0.3257236384157041
HH,2029-06,2029-06,NGM29 Comdty,3.287,2029-05-29,10000.0,vol FILLED samuelson: realised curve x0.973 (scale from 2026-10..2027-04); NGM29 Comdty: forward 3.287 outside the listed strikes,,,,,0.3216785906258711
HH,2029-07,2029-07,NGN29 Comdty,3.492,2029-06-27,10000.0,vol FILLED samuelson: realised curve x0.973 (scale from 2026-10..2027-04); NGN29 Comdty: forward 3.492 outside the listed strikes,,,,,0.3183040391555342
HH,2029-08,2029-08,NGQ29 Comdty,3.553,2029-07-27,10000.0,vol FILLED samuelson: realised curve x0.973 (scale from 2026-10..2027-04); NGQ29 Comdty: forward 3.553 outside the listed strikes,,,,,0.31497689833229975
HH,2029-09,2029-09,NGU29 Comdty,3.533,2029-08-29,10000.0,vol FILLED samuelson: realised curve x0.973 (scale from 2026-10..2027-04); NGU29 Comdty: forward 3.533 outside the listed strikes,,,,,0.3114950943595471
HH,2029-10,2029-10,NGV29 Comdty,3.589,2029-09-26,10000.0,vol FILLED samuelson: realised curve x0.973 (scale from 2026-10..2027-04); NGV29 Comdty: forward 3.589 outside the listed strikes,,,,,0.30864323066921334
HH,2029-11,2029-11,NGX29 Comdty,3.726,2029-10-29,10000.0,vol FILLED samuelson: realised curve x0.973 (scale from 2026-10..2027-04); NGX29 Comdty: forward 3.726 outside the listed strikes,,,,,0.30511012098205775
HH,2029-12,2029-12,NGZ29 Comdty,4.281,2029-11-28,10000.0,vol FILLED samuelson: realised curve x0.973 (scale from 2026-10..2027-04); NGZ29 Comdty: forward 4.281 outside the listed strikes,,,,,0.3020394538719841
HH,2030-01,2030-01,NGF30 Comdty,4.744,2029-12-27,10000.0,vol FILLED samuelson: realised curve x0.973 (scale from 2026-10..2027-04); Empty OPT_CHAIN for NGF30 Comdty,,,,,0.2991905343249677
HH,2030-02,2030-02,NGG30 Comdty,4.3420000000000005,2030-01-29,10000.0,vol FILLED samuelson: realised curve x0.973 (scale from 2026-10..2027-04); Empty OPT_CHAIN for NGG30 Comdty,,,,,0.2960822085697844
HH,2030-03,2030-03,NGH30 Comdty,3.485,2030-02-26,10000.0,vol FILLED samuelson: realised curve x0.973 (scale from 2026-10..2027-04); Empty OPT_CHAIN for NGH30 Comdty,,,,,0.2935494401605824
HH,2030-04,2030-04,NGJ30 Comdty,3.1430000000000002,2030-03-27,10000.0,vol FILLED samuelson: realised curve x0.973 (scale from 2026-10..2027-04); Empty OPT_CHAIN for NGJ30 Comdty,,,,,0.29102133215695786
HH,2030-05,2030-05,NGK30 Comdty,3.106,2030-04-26,10000.0,vol FILLED samuelson: realised curve x0.973 (scale from 2026-10..2027-04); Empty OPT_CHAIN for NGK30 Comdty,,,,,0.28850208368729324
HH,2030-06,2030-06,NGM30 Comdty,3.222,2030-05-29,10000.0,vol FILLED samuelson: realised curve x0.973 (scale from 2026-10..2027-04); Empty OPT_CHAIN for NGM30 Comdty,,,,,0.28583706527593566
HH,2030-07,2030-07,NGN30 Comdty,3.459,2030-06-26,10000.0,vol FILLED samuelson: realised curve x0.973 (scale from 2026-10..2027-04); Empty OPT_CHAIN for NGN30 Comdty,,,,,0.2836580686952752
HH,2030-08,2030-08,NGQ30 Comdty,3.498,2030-07-29,10000.0,vol FILLED samuelson: realised curve x0.973 (scale from 2026-10..2027-04); Empty OPT_CHAIN for NGQ30 Comdty,,,,,0.28118129443817846
HH,2030-09,2030-09,NGU30 Comdty,3.466,2030-08-28,10000.0,vol FILLED samuelson: realised curve x0.973 (scale from 2026-10..2027-04); Empty OPT_CHAIN for NGU30 Comdty,,,,,0.2790107430787913
HH,2030-10,2030-10,NGV30 Comdty,3.5300000000000002,2030-09-26,10000.0,vol FILLED samuelson: realised curve x0.973 (scale from 2026-10..2027-04); Empty OPT_CHAIN for NGV30 Comdty,,,,,0.2769485678675146
HH,2030-11,2030-11,NGX30 Comdty,3.6830000000000003,2030-10-29,10000.0,vol FILLED samuelson: realised curve x0.973 (scale from 2026-10..2027-04); Empty OPT_CHAIN for NGX30 Comdty,,,,,0.27435671645401727
HH,2030-12,2030-12,NGZ30 Comdty,4.233,2030-11-26,10000.0,vol FILLED samuelson: realised curve x0.973 (scale from 2026-10..2027-04); Empty OPT_CHAIN for NGZ30 Comdty,,,,,0.27222735821469923
HH,2031-01,2031-01,NGF31 Comdty,4.657,2030-12-27,10000.0,vol FILLED samuelson: realised curve x0.973 (scale from 2026-10..2027-04); Empty OPT_CHAIN for NGF31 Comdty,,,,,0.26994083014493675
HH,2031-02,2031-02,NGG31 Comdty,4.258,2031-01-29,10000.0,vol FILLED samuelson: realised curve x0.973 (scale from 2026-10..2027-04); Empty OPT_CHAIN for NGG31 Comdty,,,,,0.26758470592849837
HH,2031-03,2031-03,NGH31 Comdty,3.43,2031-02-26,10000.0,vol FILLED samuelson: realised curve x0.973 (scale from 2026-10..2027-04); Empty OPT_CHAIN for NGH31 Comdty,,,,,0.26564553702014865
HH,2031-04,2031-04,NGJ31 Comdty,3.0500000000000003,2031-03-27,10000.0,vol FILLED samuelson: realised curve x0.973 (scale from 2026-10..2027-04); Empty OPT_CHAIN for NGJ31 Comdty,,,,,0.2636924485580222
HH,2031-05,2031-05,NGK31 Comdty,3.0180000000000002,2031-04-28,10000.0,vol FILLED samuelson: realised curve x0.973 (scale from 2026-10..2027-04); Empty OPT_CHAIN for NGK31 Comdty,,,,,0.26159971312010644
HH,2031-06,2031-06,NGM31 Comdty,3.1390000000000002,2031-05-28,10000.0,vol FILLED samuelson: realised curve x0.973 (scale from 2026-10..2027-04); Empty OPT_CHAIN for NGM31 Comdty,,,,,0.25969453329028325
HH,2031-07,2031-07,NGN31 Comdty,3.354,2031-06-26,10000.0,vol FILLED samuelson: realised curve x0.973 (scale from 2026-10..2027-04); Empty OPT_CHAIN for NGN31 Comdty,,,,,0.25790274370222793
HH,2031-08,2031-08,NGQ31 Comdty,3.419,2031-07-29,10000.0,vol FILLED samuelson: realised curve x0.973 (scale from 2026-10..2027-04); Empty OPT_CHAIN for NGQ31 Comdty,,,,,0.255920821496849
HH,2031-09,2031-09,NGU31 Comdty,3.4010000000000002,2031-08-27,10000.0,vol FILLED samuelson: realised curve x0.973 (scale from 2026-10..2027-04); Empty OPT_CHAIN for NGU31 Comdty,,,,,0.25422707420592766
HH,2031-10,2031-10,NGV31 Comdty,3.484,2031-09-26,10000.0,vol FILLED samuelson: realised curve x0.973 (scale from 2026-10..2027-04); Empty OPT_CHAIN for NGV31 Comdty,,,,,0.25250660838051425
HH,2031-11,2031-11,NGX31 Comdty,3.71,2031-10-29,10000.0,vol FILLED samuelson: realised curve x0.973 (scale from 2026-10..2027-04); Empty OPT_CHAIN for NGX31 Comdty,,,,,0.2505330697225999
HH,2031-12,2031-12,NGZ31 Comdty,4.321,2031-11-25,10000.0,vol FILLED samuelson: realised curve x0.973 (scale from 2026-10..2027-04); Empty OPT_CHAIN for NGZ31 Comdty,,,,,0.24895856602263847
Brent,2026-10,2026-12,COZ26 Comdty,99.62,2026-10-30,1000.0,,0.5328729195999999,COZ6C    99.5 Comdty [IVOL_MID] / COZ6C    99.75 Comdty [IVOL_MID],2026-10-27,,0.5328729195999999
Brent,2026-11,2027-01,COF27 Comdty,96.2,2026-11-30,1000.0,,0.5047657460000001,COF7C    96 Comdty [IVOL_MID] / COF7C    96.25 Comdty [IVOL_MID],2026-11-25,,0.5047657460000001
Brent,2026-12,2027-02,COG27 Comdty,93.46000000000001,2026-12-30,1000.0,,0.47349761360000003,COG7C    93 Comdty [IVOL_MID] / COG7C    93.5 Comdty [IVOL_MID],2026-12-23,,0.47349761360000003
Brent,2027-01,2027-03,COH27 Comdty,91.29,2027-01-29,1000.0,,0.4406461812,COH7C    91 Comdty [IVOL_MID] / COH7C    91.5 Comdty [IVOL_MID],2027-01-26,,0.4406461812
Brent,2027-02,2027-04,COJ27 Comdty,89.36,2027-02-26,1000.0,,0.4213133148,COJ7C    89 Comdty [IVOL_MID] / COJ7C    89.5 Comdty [IVOL_MID],2027-02-23,,0.4213133148
Brent,2027-03,2027-05,COK27 Comdty,87.68,2027-03-31,1000.0,,0.40396511679999997,COK7C    87 Comdty [IVOL_MID] / COK7C    88 Comdty [IVOL_MID],2027-03-24,,0.40396511679999997
Brent,2027-04,2027-06,COM27 Comdty,86.19,2027-04-30,1000.0,,0.3875058501,COM7C    86 Comdty [IVOL_MID] / COM7C    87 Comdty [IVOL_MID],2027-04-27,,0.3875058501
Brent,2027-05,2027-07,CON27 Comdty,84.89,2027-05-28,1000.0,,0.37547821420000005,CON7C    84 Comdty [IVOL_MID] / CON7C    85 Comdty [IVOL_MID],2027-05-25,,0.37547821420000005
Brent,2027-06,2027-08,COQ27 Comdty,83.66,2027-06-30,1000.0,,0.3623997314,COQ7C    83 Comdty [IVOL_MID] / COQ7C    84 Comdty [IVOL_MID],2027-06-25,,0.3623997314
Brent,2027-07,2027-09,COU27 Comdty,82.53,2027-07-30,1000.0,,0.3512626658,COU7C    82 Comdty [IVOL_MID] / COU7C    83 Comdty [IVOL_MID],2027-07-27,,0.3512626658
Brent,2027-08,2027-10,COV27 Comdty,81.55,2027-08-31,1000.0,,0.343674264,COV7C    81 Comdty [IVOL_MID] / COV7C    82 Comdty [IVOL_MID],2027-08-25,,0.343674264
Brent,2027-09,2027-11,COX27 Comdty,80.13,2027-09-30,1000.0,,0.3360870132,COX7P    80 Comdty [IVOL_MID] / COX7C    81 Comdty [IVOL_MID],2027-09-27,,0.3360870132
Brent,2027-10,2027-12,COZ27 Comdty,79.9,2027-10-29,1000.0,,0.32904404400000004,COZ7C    79.5 Comdty [IVOL_MID] / COZ7C    80 Comdty [IVOL_MID],2027-10-26,,0.32904404400000004
Brent,2028-01,2028-03,COH28 Comdty,77.51,2028-01-31,1000.0,,0.3115152185,COH8C    77 Comdty [IVOL_LAST] / COH8C    78 Comdty [IVOL_LAST],2028-01-26,,0.3115152185
Brent,2028-02,2028-04,COJ28 Comdty,77.01,2028-02-29,1000.0,,0.3027962701,COJ8C    77 Comdty [IVOL_LAST] / COJ8C    78 Comdty [IVOL_LAST],2028-02-24,,0.3027962701
Brent,2028-03,2028-05,COK28 Comdty,76.55,2028-03-31,1000.0,,0.300775777,COK8C    76.5 Comdty [IVOL_LAST] / COK8C    77 Comdty [IVOL_LAST],2028-03-28,,0.300775777
Brent,2028-04,2028-06,COM28 Comdty,76.46000000000001,2028-04-28,1000.0,,0.2944911152,COM8C    76 Comdty [IVOL_LAST] / COM8C    76.5 Comdty [IVOL_LAST],2028-04-25,,0.2944911152
Brent,2028-05,2028-07,CON28 Comdty,75.7,2028-05-31,1000.0,,0.289597482,CON8C    75.5 Comdty [IVOL_LAST] / CON8C    76 Comdty [IVOL_LAST],2028-05-25,,0.289597482
Brent,2028-06,2028-08,COQ28 Comdty,75.29,2028-06-30,1000.0,,0.2837507854,COQ8C    75 Comdty [IVOL_LAST] / COQ8C    75.5 Comdty [IVOL_LAST],2028-06-27,,0.2837507854
Brent,2028-07,2028-09,COU28 Comdty,74.9,2028-07-31,1000.0,,0.279429484,COU8C    74.5 Comdty [IVOL_LAST] / COU8C    75 Comdty [IVOL_LAST],2028-07-26,,0.279429484
Brent,2028-08,2028-10,COV28 Comdty,74.52,2028-08-31,1000.0,,0.27642874320000005,COV8C    74.5 Comdty [IVOL_LAST] / COV8C    75 Comdty [IVOL_LAST],2028-08-25,,0.27642874320000005
Brent,2028-09,2028-11,COX28 Comdty,74.15,2028-09-29,1000.0,,0.271740595,COX8C    74 Comdty [IVOL_LAST] / COX8C    74.5 Comdty [IVOL_LAST],2028-09-26,,0.271740595
Brent,2028-10,2028-12,COZ28 Comdty,74.07000000000001,2028-10-31,1000.0,,0.26738129599999994,COZ8C    74 Comdty [IVOL_LAST] / COZ8C    74.5 Comdty [IVOL_LAST],2028-10-26,,0.26738129599999994
Brent,2028-11,2029-01,COF29 Comdty,73.49,2028-11-30,1000.0,,0.26588148840000003,COF9C    73 Comdty [IVOL_LAST] / COF9C    74 Comdty [IVOL_LAST],2028-11-27,,0.26588148840000003
Brent,2028-12,2029-02,COG29 Comdty,73.21000000000001,2028-12-28,1000.0,,0.2658795401,COG9C    73 Comdty [IVOL_LAST] / COG9C    74 Comdty [IVOL_LAST],2028-12-21,,0.2658795401
Brent,2029-01,2029-03,COH29 Comdty,72.98,2029-01-31,1000.0,,0.2612408724,COH9C    72 Comdty [IVOL_LAST] / COH9C    73 Comdty [IVOL_LAST],2029-01-26,,0.2612408724
Brent,2029-02,2029-04,COJ29 Comdty,72.75,2029-02-28,1000.0,,0.2576455525,COJ9C    72 Comdty [IVOL_LAST] / COJ9C    73 Comdty [IVOL_LAST],2029-02-23,,0.2576455525
Brent,2029-03,2029-05,COK29 Comdty,72.52,2029-03-29,1000.0,,0.256084354,COK9C    72 Comdty [IVOL_LAST] / COK9C    73 Comdty [IVOL_LAST],2029-03-26,,0.256084354
Brent,2029-04,2029-06,COM29 Comdty,72.53,2029-04-30,1000.0,,0.2517526366,COM9C    72 Comdty [IVOL_LAST] / COM9C    73 Comdty [IVOL_LAST],2029-04-25,,0.2517526366
Brent,2029-05,2029-07,CON29 Comdty,72.03,2029-05-31,1000.0,,0.25102735389999997,CON9C    72 Comdty [IVOL_LAST] / CON9C    73 Comdty [IVOL_LAST],2029-05-25,,0.25102735389999997
Brent,2029-06,2029-08,COQ29 Comdty,71.82000000000001,2029-06-29,1000.0,,0.247816815,COQ9C    71 Comdty [IVOL_LAST] / COQ9C    72 Comdty [IVOL_LAST],2029-06-26,,0.247816815
Brent,2029-07,2029-09,COU29 Comdty,71.61,2029-07-31,1000.0,,0.243751208,COU9C    71 Comdty [IVOL_LAST] / COU9C    72 Comdty [IVOL_LAST],2029-07-26,,0.243751208
Brent,2029-08,2029-10,COV29 Comdty,71.41,2029-08-31,1000.0,,0.2410554548,COV9C    71 Comdty [IVOL_LAST] / COV9C    72 Comdty [IVOL_LAST],2029-08-28,,0.2410554548
Brent,2029-09,2029-11,COX29 Comdty,71.13,2029-09-28,1000.0,,0.2396000863,COX9C    71 Comdty [IVOL_LAST] / COX9C    72 Comdty [IVOL_LAST],2029-09-25,,0.2396000863
Brent,2029-10,2029-12,COZ29 Comdty,71.07000000000001,2029-10-31,1000.0,,0.2391852159,COZ9C    71 Comdty [IVOL_LAST] / COZ9C    72 Comdty [IVOL_LAST],2029-10-26,,0.2391852159
Brent,2029-11,2030-01,COF30 Comdty,70.69,2029-11-30,1000.0,,0.23978764560000002,COF0C    70 Comdty [IVOL_LAST] / COF0C    71 Comdty [IVOL_LAST],2029-11-27,,0.23978764560000002
Brent,2029-12,2030-02,COG30 Comdty,70.56,2029-12-28,1000.0,,0.23915014199999998,COG0C    70 Comdty [IVOL_LAST] / COG0C    71 Comdty [IVOL_LAST],2029-12-21,,0.23915014199999998
Brent,2030-01,2030-03,COH30 Comdty,70.45,2030-01-31,1000.0,,0.2389870485,COH0C    70 Comdty [IVOL_LAST] / COH0C    71 Comdty [IVOL_LAST],2030-01-28,,0.2389870485
Brent,2030-02,2030-04,COJ30 Comdty,70.34,2030-02-28,1000.0,,0.240060431,COJ0C    70 Comdty [IVOL_LAST] / COJ0C    71 Comdty [IVOL_LAST],2030-02-25,,0.240060431
Brent,2030-03,2030-05,COK30 Comdty,70.22,2030-03-29,1000.0,,0.2385046034,COK0C    70 Comdty [IVOL_LAST] / COK0C    71 Comdty [IVOL_LAST],2030-03-26,,0.2385046034
Brent,2030-04,2030-06,COM30 Comdty,70.08,2030-04-30,1000.0,,0.2367799868,COM0C    70 Comdty [IVOL_LAST] / COM0C    71 Comdty [IVOL_LAST],2030-04-25,,0.2367799868
Brent,2030-05,2030-07,CON30 Comdty,69.92,2030-05-31,1000.0,,0.23723436239999998,CON0C    69.5 Comdty [IVOL_LAST] / CON0C    70 Comdty [IVOL_LAST],2030-05-28,,0.23723436239999998
Brent,2030-06,2030-08,COQ30 Comdty,69.75,2030-06-28,1000.0,,0.237172485,COQ0C    69.5 Comdty [IVOL_LAST] / COQ0C    70 Comdty [IVOL_LAST],2030-06-25,,0.237172485
Brent,2030-07,2030-09,COU30 Comdty,69.59,2030-07-31,1000.0,,0.23853432079999998,COU0C    69.5 Comdty [IVOL_LAST] / COU0C    70 Comdty [IVOL_LAST],2030-07-26,,0.23853432079999998
Brent,2030-08,2030-10,COV30 Comdty,69.43,2030-08-30,1000.0,,0.23885455359999996,COV0C    69 Comdty [IVOL_LAST] / COV0C    69.5 Comdty [IVOL_LAST],2030-08-27,,0.23885455359999996
Brent,2030-09,2030-11,COX30 Comdty,69.27,2030-09-30,1000.0,,0.2382064302,COX0C    69 Comdty [IVOL_LAST] / COX0C    69.5 Comdty [IVOL_LAST],2030-09-25,,0.2382064302
Brent,2030-10,2030-12,COZ30 Comdty,69.22,2030-10-31,1000.0,vol FILLED samuelson: realised curve x1.086 (scale from 2029-10..2030-09); Empty OPT_CHAIN for COZ30 Comdty,,,,,0.23179848022225324
Brent,2030-11,2031-01,COF31 Comdty,68.97,2030-11-29,1000.0,vol FILLED samuelson: realised curve x1.086 (scale from 2029-10..2030-09); Empty OPT_CHAIN for COF31 Comdty,,,,,0.2308787018462044
Brent,2030-12,2031-02,COG31 Comdty,68.86,2030-12-30,1000.0,vol FILLED samuelson: realised curve x1.086 (scale from 2029-10..2030-09); Empty OPT_CHAIN for COG31 Comdty,,,,,0.2299295206784127
Brent,2031-01,2031-03,COH31 Comdty,68.76,2031-01-31,1000.0,vol FILLED samuelson: realised curve x1.086 (scale from 2029-10..2030-09); Empty OPT_CHAIN for COH31 Comdty,,,,,0.22898465939679807
Brent,2031-02,2031-04,COJ31 Comdty,68.65,2031-02-28,1000.0,vol FILLED samuelson: realised curve x1.086 (scale from 2029-10..2030-09); Empty OPT_CHAIN for COJ31 Comdty,,,,,0.22818552721920504
Brent,2031-03,2031-05,COK31 Comdty,68.55,2031-03-31,1000.0,vol FILLED samuelson: realised curve x1.086 (scale from 2029-10..2030-09); Empty OPT_CHAIN for COK31 Comdty,,,,,0.22732932942563758
Brent,2031-04,2031-06,COM31 Comdty,68.42,2031-04-30,1000.0,vol FILLED samuelson: realised curve x1.086 (scale from 2029-10..2030-09); Empty OPT_CHAIN for COM31 Comdty,,,,,0.22652793791320316
Brent,2031-05,2031-07,CON31 Comdty,68.29,2031-05-30,1000.0,vol FILLED samuelson: realised curve x1.086 (scale from 2029-10..2030-09); Empty OPT_CHAIN for CON31 Comdty,,,,,0.22575198509323596
Brent,2031-06,2031-08,COQ31 Comdty,68.16,2031-06-30,1000.0,vol FILLED samuelson: realised curve x1.086 (scale from 2029-10..2030-09); Empty OPT_CHAIN for COQ31 Comdty,,,,,0.22497561220258758
Brent,2031-07,2031-09,COU31 Comdty,68.04,2031-07-31,1000.0,vol FILLED samuelson: realised curve x1.086 (scale from 2029-10..2030-09); Empty OPT_CHAIN for COU31 Comdty,,,,,0.22422387028647175
Brent,2031-08,2031-10,COV31 Comdty,67.92,2031-08-29,1000.0,vol FILLED samuelson: realised curve x1.086 (scale from 2029-10..2030-09); Empty OPT_CHAIN for COV31 Comdty,,,,,0.22354189258053347
Brent,2031-09,2031-11,COX31 Comdty,67.78,2031-09-30,1000.0,vol FILLED samuelson: realised curve x1.086 (scale from 2029-10..2030-09); Empty OPT_CHAIN for COX31 Comdty,,,,,0.22274474651571782
Brent,2031-10,2031-12,COZ31 Comdty,67.89,2031-10-31,1000.0,vol FILLED samuelson: realised curve x1.086 (scale from 2029-10..2030-09); Empty OPT_CHAIN for COZ31 Comdty,,,,,0.22176587853855378
Brent,2031-11,2032-01,COF32 Comdty,67.51,2031-11-28,1000.0,vol FILLED samuelson: realised curve x1.086 (scale from 2029-10..2030-09); Empty OPT_CHAIN for COF32 Comdty,,,,,0.22090576686781813
Brent,2031-12,2032-02,COG32 Comdty,67.39,2031-12-30,1000.0,vol FILLED samuelson: realised curve x1.086 (scale from 2029-10..2030-09); Empty OPT_CHAIN for COG32 Comdty,,,,,0.2199495288615452
