pair,window_lo,window_hi,n_obs,n_anchors,return_days,TTF_M/TTF_M1,TTF_M/TTF_M1 daily,HH_M/HH_M1,HH_M/HH_M1 daily,Brent_M/Brent_M1,Brent_M/Brent_M1 daily,TTF_M/HH_M,TTF_M/HH_M daily,TTF_M/Brent_M,TTF_M/Brent_M daily,HH_M/Brent_M,HH_M/Brent_M daily,max_stale_share
2026-10_2026-11,0,45,279,48,5,0.9861555018967723,0.9880792786868833,0.9460542721739922,0.9612943496799081,0.9948570195489597,0.9960938481607918,0.3096159385122258,0.16792041519230735,0.2669180285802941,0.2475356233057702,0.13052993985887482,0.13335917934055727,0.0035842293906810036
2026-11_2026-12,0,45,279,48,5,0.9861555018967723,0.9880792786868833,0.9460542721739922,0.9612943496799081,0.9948570195489597,0.9960938481607918,0.3096159385122258,0.16792041519230735,0.2669180285802941,0.2475356233057702,0.13052993985887482,0.13335917934055727,0.0035842293906810036
2026-12_2027-01,0,62,384,48,5,0.9873343558388886,0.9891014485850433,0.9559662745089932,0.968322883801528,0.9952737102524053,0.9961572922990978,0.2937422437980665,0.16008945947401043,0.2565597000006972,0.2561190218848618,0.14714112599043747,0.14639642273298334,0.0026041666666666665
2027-01_2027-02,0,96,613,48,5,0.9898721449033452,0.9908621277519237,0.9652048843815362,0.9750140880921052,0.995990734717619,0.9968637857051256,0.2680322174429907,0.1603260776228122,0.23656844565076585,0.2412472452038706,0.14032050062888554,0.1538735111106128,0.0032626427406199023
2027-02_2027-03,0,125,802,48,5,0.9915002475083087,0.9918251474605557,0.9700589263028022,0.9781728669582589,0.9966096361439946,0.9972947211672385,0.24370287587074407,0.15282591616187066,0.2086876910681822,0.23008102096958627,0.16924788834590823,0.16455229004059607,0.004987531172069825
2027-03_2027-04,0,153,985,48,5,0.9926042362834658,0.9926923131663112,0.9729513948646231,0.9800926616671486,0.9970042453377993,0.9976091644758802,0.2228468123482512,0.15267187392148626,0.187179723992778,0.22093650243459892,0.18082547327266735,0.1719805010547493,0.005076142131979695
2027-04_2027-05,0,186,1200,48,5,0.9931739818358111,0.9931384170293995,0.9749909816793954,0.9815595166842773,0.9972995205274519,0.9978714014875346,0.21604778075261696,0.15295378692610737,0.19199606035815406,0.20586782502170956,0.17351937391458264,0.17599190092588865,0.005
2027-05_2027-06,0,216,1393,48,5,0.9935577421049979,0.9934421624903396,0.9764536903339341,0.9826054556294467,0.9975442502902301,0.9980822689700886,0.2058244134628458,0.14969938962268697,0.19066346275655618,0.2017688459639467,0.17575214853190219,0.17866860451276007,0.004307250538406317
2027-06_2027-07,0,244,1582,48,5,0.9935870067222119,0.9933030723055538,0.9771343820493513,0.9827879804421293,0.9977422312875974,0.9982331198171523,0.19435713267533067,0.14568306236619086,0.17736563868938648,0.197412136960606,0.1853341307599302,0.1812835485063624,0.0037926675094816687
2027-07_2027-08,0,277,1800,48,5,0.993404450928325,0.9928808501361014,0.977522214829469,0.9829314437540826,0.9979212579503715,0.998368861827582,0.18171363243342523,0.1440235891808999,0.16718418835571472,0.191236660469288,0.18853731599202966,0.1814836468571519,0.0033333333333333335
2027-08_2027-09,0,307,2004,48,5,0.9930854340663398,0.9923008006456323,0.9782912514059233,0.9833340170214583,0.9980705315763607,0.9984739813880701,0.1796242803979555,0.14152473337579904,0.17647431958768245,0.18435215378760264,0.19042729799318334,0.1813809931215965,0.003493013972055888
2027-09_2027-10,0,337,2204,48,5,0.9918529784791658,0.9917106294061612,0.9788346913405412,0.983470175943363,0.9981965486615155,0.9985727316824603,0.17655669723231596,0.13934821194522012,0.17269487301195993,0.1779173880606013,0.195471326179469,0.17953036537561734,0.004083484573502722
2028-01_2028-02,0,461,3014,48,5,0.9855953989477739,0.9841995145139625,0.9799824721314828,0.9839483760837414,0.9985343606973281,0.9988348767367655,0.17331505526372082,0.13954484460080965,0.1535742202510943,0.1706296737990846,0.2119432684249878,0.17634862088919998,0.003981420039814201
2028-02_2028-03,0,490,3207,48,5,0.9854296176121368,0.9839705642737273,0.980262735419023,0.9840637104839229,0.9985854642770211,0.998878476940806,0.17477395983883467,0.13961856360685146,0.15245414621811976,0.16941031746631285,0.218360982294101,0.17626223948397288,0.004053632678515747
2028-03_2028-04,0,519,3399,48,5,0.9852696945266538,0.9834951933651425,0.980525591654685,0.9841968718518586,0.9986303143394176,0.9989168172769932,0.1767321792890801,0.1396530354677805,0.15465856773529948,0.16903032921808087,0.22135857251265245,0.17610345122766916,0.00441306266548985
2028-04_2028-05,0,552,3612,48,5,0.9853345166493112,0.9829161627946722,0.9807728479092851,0.984306579411088,0.9986674316721504,0.9989532129570129,0.17198117438011823,0.1388891027069463,0.15470771435972766,0.16725790612760044,0.2226739517093806,0.1749645221852717,0.004429678848283499
2028-05_2028-06,0,580,3796,48,5,0.9855089163264529,0.982740153123583,0.9810024029451387,0.9843981427310781,0.9987004954947891,0.9989807115942749,0.17189898322943206,0.13841353327516137,0.15418681751408916,0.16605490030866707,0.2238515550570657,0.17498532772872202,0.004214963119072708
2028-06_2028-07,0,610,4000,48,5,0.9854319313672287,0.9826135051772912,0.9811403105801624,0.9844651492289208,0.998735907850036,0.9990109145385068,0.1738232024444192,0.13767719912394855,0.15471893445800125,0.1641410443815711,0.2232090951859805,0.17393160022858858,0.00475
2028-07_2028-08,0,643,4212,48,5,0.985395461758191,0.9826820699838523,0.9812998671255322,0.9844934595873919,0.9987697287826829,0.9990376494887184,0.1731478037931054,0.13708674978629304,0.15510314214597212,0.162821270573303,0.22494709116524794,0.17327271402741296,0.004510921177587844
2028-08_2028-09,0,672,4406,48,5,0.9854906930586468,0.9828620432510409,0.981422362193033,0.9845196766143377,0.9988021834998219,0.999059109821555,0.17386815331456168,0.13656005629769677,0.1570983028423994,0.1619864830728978,0.22601408371475443,0.17271822183260574,0.004312301407172038
2028-09_2028-10,0,705,4622,48,5,0.9856701896861989,0.9829336264262017,0.9815629303700011,0.9845377964053387,0.9988350361797453,0.9990814877270656,0.17272859480990269,0.1360931516476378,0.15904831884165666,0.1613486894180745,0.22577821895809957,0.17217895380798623,0.004327131112072695
2028-10_2028-11,0,734,4814,48,5,0.9857463845515454,0.9828698499206965,0.9816303209056402,0.98453035728186,0.9988600789500883,0.9990993826508542,0.17344996840923588,0.13566519205247393,0.15982566385831556,0.16037981362340817,0.22605785234735082,0.17143955178825632,0.004777731616119651
2028-11_2028-12,0,764,5011,48,5,0.9858800573643934,0.9830007315522941,0.981699897147496,0.9845540341361129,0.9988845991638897,0.9991171631353496,0.17351716564444702,0.13537882518833635,0.15948060843954476,0.16000717773259454,0.22594787773713568,0.17109228170515614,0.005188585112751946
2028-12_2029-01,0,796,5219,48,5,0.9858452851080978,0.9829538724443995,0.981840422673784,0.9845755054195179,0.9989025168518091,0.9991336223643652,0.17251795563918326,0.1348816673714213,0.16090529427438385,0.15949715685829585,0.22585011796435606,0.17056154843816196,0.004981797279172255
2029-01_2029-02,0,825,5412,48,5,0.9855720344690618,0.9829025054956467,0.9819335692001849,0.984581704988682,0.9989183949666365,0.9991475435275617,0.1720969746455218,0.1346201614870578,0.16292647150412454,0.15925528756548854,0.22506745255320054,0.17022045423761709,0.004804138950480414
2029-02_2029-03,0,858,5629,48,5,0.9857442361309665,0.9828728920066898,0.9820315246193727,0.9845658482073598,0.9989350888939535,0.999161962733439,0.17009154852763012,0.1343448735087723,0.16274436839442633,0.15897863621174488,0.22570976253309527,0.16967910663526145,0.004974240540060401
2029-03_2029-04,0,886,5818,48,5,0.985840122627668,0.9828220909703074,0.9820832364900497,0.9845684604395283,0.9989515557440714,0.9991738553758711,0.17051090534931015,0.13411673202608665,0.16267630566718133,0.1589658612898509,0.22608465867903726,0.16923341675021206,0.004984530766586456
2029-04_2029-05,0,915,6011,48,5,0.9858183527614633,0.982583468752241,0.9821421629734637,0.9845610910896538,0.9989647822237703,0.9991861141403885,0.16876766579301808,0.13353262302283336,0.16485669402404352,0.15854226015215012,0.2257778219956206,0.16881360453883978,0.004824488437863916
2029-05_2029-06,0,945,6206,48,5,0.9857263028377402,0.9825469227993249,0.9822029266861741,0.9845532562527982,0.9989780540254973,0.9992000495664493,0.16828976887587047,0.1331840136492137,0.16568319542833565,0.15873514113606768,0.2250245935737992,0.1680505477957949,0.0049951659684176605
2029-06_2029-07,0,978,6421,48,5,0.9851909102409356,0.9822865372660623,0.9822537025226996,0.9845376621778319,0.9989923356624335,0.999212592968007,0.16769882433477742,0.13259824377523685,0.16778135433048888,0.15862418186810143,0.22515651098978756,0.16736234945995543,0.004983647406945959
2029-07_2029-08,0,1007,6612,48,5,0.9851462762254158,0.9822247624176688,0.9822735178193344,0.9845268180350397,0.9990080841539352,0.9992234522948145,0.168212632393155,0.132415365921082,0.16874081950379988,0.1586236860798098,0.22473989439739553,0.1669729055758091,0.00529340592861464
2029-08_2029-09,0,1037,6824,48,5,0.9851898147137913,0.9822234891688836,0.9823451364236846,0.9845379701580521,0.9990229312778941,0.9992343108839442,0.1672969374884124,0.1320057689898126,0.170195556015497,0.15910256400010583,0.2247544772715882,0.16631937941098882,0.005422039859320047
2029-09_2029-10,0,1070,7027,48,5,0.9852921349875133,0.9821770333400488,0.9823839351711884,0.9845271127386818,0.9990342628589132,0.9992445718605177,0.16509523693378556,0.1316282457068688,0.1709874684283593,0.15934404206068958,0.22435417541637923,0.1656469297201868,0.005407713106588871
2029-10_2029-11,0,1098,7218,48,5,0.9852665116796407,0.9819984036446321,0.9823940678344927,0.9845194952647093,0.9990501256638274,0.9992525895227194,0.16535009718423607,0.13117886576769167,0.17072732985505054,0.1597023634368263,0.22416937499515394,0.1651426289068005,0.005403158769742311
2029-11_2029-12,0,1131,7433,48,5,0.9853645189149028,0.9820086287766098,0.9824372346136001,0.9845269511372146,0.9990612021684587,0.9992618289142837,0.16545511171933125,0.13090412976806926,0.17123258392182134,0.16005986900886623,0.2241742698176045,0.164619885050112,0.005381407237992735
2029-12_2030-01,0,1161,7638,48,5,0.9854630152091243,0.9818947942877986,0.9825118073020439,0.9845647442749967,0.9990704400494731,0.9992695794962421,0.16379519761850383,0.1305341637825165,0.17285041185816855,0.16026285916250846,0.22282476826662279,0.16403000201617685,0.0054988216810683424
2030-01_2030-02,0,1190,7832,48,5,0.9853353655833241,0.9816832399306702,0.9825846136261622,0.9845894325321959,0.9990790656459035,0.9992777762063089,0.16277064641906866,0.1301945767932898,0.17286669201710014,0.16031394343986793,0.2233256459342242,0.16346848255763194,0.005490296220633299
2030-02_2030-03,0,1223,8040,48,5,0.9853060946993037,0.9816126423453726,0.9826237676632107,0.9846071456640973,0.9990885028898292,0.9992859775695923,0.1626009558955087,0.12955951462693627,0.17329077188121303,0.16039294554596,0.22231462295622348,0.16296502083165107,0.005597014925373134
2030-03_2030-04,0,1251,8226,48,5,0.9851843415549868,0.9812799523855947,0.9827004752514962,0.98463730424785,0.9990991259563753,0.9992927219511417,0.1626066241735878,0.12900203306863142,0.17484949671917108,0.1599639828031527,0.22194454254647894,0.1623400771519138,0.005956722586919524
2030-04_2030-05,0,1280,8421,48,5,0.9852243124322831,0.9809567575541791,0.982751526749386,0.9846766823283342,0.9991052420876788,0.999299363512285,0.1610196368638005,0.12829289685108422,0.17523876547937253,0.15988616410028025,0.22097320123827244,0.16197146075617108,0.006293789336183351
2030-05_2030-06,0,1310,8621,48,5,0.985019810546224,0.9809199561427527,0.9828041689934621,0.9847131425851328,0.9991124730778689,0.9993060096145638,0.1604054704047592,0.12751900784271158,0.17452578246691464,0.15938177290479918,0.21959096910217155,0.16137305274969727,0.006495766152418513
2030-06_2030-07,0,1343,8840,48,5,0.9849194326896752,0.9807717101197468,0.982860466936837,0.9847292492330685,0.9991205663279782,0.9993127387133302,0.15924048384193848,0.12672678828907769,0.17532212118397553,0.15887541092092852,0.21937507777710244,0.16078845222515142,0.00667420814479638
2030-07_2030-08,0,1371,9026,48,5,0.9846592011438241,0.9805603118721833,0.9829238053019482,0.9847692157881256,0.9991287742433962,0.9993184671931813,0.15918222799882958,0.12586206108546888,0.17488205797797235,0.15849103728942482,0.21949084216472756,0.16043223360238223,0.006869044981165522
2030-08_2030-09,0,1404,9239,48,5,0.9846522762635604,0.9805522781531736,0.9829805467223073,0.9848026353036397,0.9991359145712368,0.9993249643125428,0.15820083504195132,0.12518125816953654,0.17450689672534853,0.15788389885288817,0.2196420174316212,0.15961693683868247,0.006927156618681676
2030-09_2030-10,0,1434,9436,48,5,0.9846246899333922,0.9803146392460153,0.9830220720608563,0.9848394670342272,0.9991429686853941,0.9993300859467433,0.15841613310984068,0.12467303720363934,0.17414332004395708,0.15739431919224756,0.21896525236823258,0.15887731070428135,0.00741839762611276
2030-10_2030-11,0,1463,9630,48,5,0.9844378689837944,0.9799615181430184,0.983070034446028,0.9848718768503278,0.9991506541063387,0.999334623237753,0.15863343968631974,0.12402612633917429,0.1747216472650978,0.15731016039536533,0.2186619957068118,0.15825435595628895,0.007580477673935618
2030-11_2030-12,0,1496,9855,48,5,0.9842443796918459,0.9798877380938652,0.9831373824356799,0.984919388677576,0.9991577419610718,0.999339900701566,0.1578666435217879,0.12381004383358891,0.17631373094908795,0.15743330833354122,0.2174646192986555,0.1575916562112941,0.007813292744799595
2030-12_2031-01,0,1524,10040,48,5,0.984161880002247,0.9796927504288808,0.9831891274808047,0.984958858764832,0.9991641844765837,0.9993448786058906,0.1569028543379558,0.1235173220850065,0.17638264500698475,0.1575705805751502,0.21737223755213128,0.1569989763798805,0.00806772908366534
2031-01_2031-02,0,1555,10245,48,5,0.9841243090219332,0.9796708253123418,0.9832428599331207,0.9849946393896007,0.9991701134165261,0.9993496726465239,0.15641627865030142,0.12331422954724626,0.1763431972503598,0.15772769832721156,0.2165197496084157,0.15606771796986305,0.008101512933138115
2031-02_2031-03,0,1588,10462,48,5,0.9841828519454919,0.9797475749988757,0.9832700467830471,0.9850056476868871,0.9991762417370781,0.9993547669090387,0.15668012687076932,0.12304538299268594,0.17725436729937616,0.15821038269481646,0.21637109479300098,0.1552077018976735,0.008315809596635443
2031-03_2031-04,0,1616,10646,48,5,0.9842408323302236,0.9798094936976366,0.9832914022312488,0.9850262226457442,0.9991811381165375,0.9993591705288114,0.15696717158334852,0.12282374850743298,0.17823059275122022,0.15859461513727013,0.21567826300972687,0.15432558060047788,0.008641743377794477
2031-04_2031-05,0,1645,10841,48,5,0.9842662438795379,0.979864490516859,0.9833046411992473,0.9850517196386828,0.9991868138216158,0.9993636455020519,0.15680950126152352,0.12250392838727718,0.17899597006061002,0.15894485383952117,0.21416392938749892,0.15345096048984005,0.00876302924084494
2031-05_2031-06,0,1677,11050,48,5,0.9842900760579422,0.979908711429656,0.9833221245593908,0.9850732010239273,0.9991926831135556,0.9993683798065783,0.15667620071087782,0.12215542790769311,0.17982715217071374,0.15929228153928865,0.21302549307059956,0.15238597266226803,0.008778280542986426
2031-06_2031-07,0,1707,11251,48,5,0.9843076878419893,0.9799445061510733,0.9833566989892432,0.9851048581328534,0.9991978755940365,0.9993727674073866,0.15629367715887652,0.1216797196693276,0.18071183576925975,0.15972742136802875,0.2126195030917352,0.1514308892792254,0.008888098835659053
2031-07_2031-08,0,1736,11446,48,5,0.9843334879045867,0.979982336177124,0.9833772107137605,0.9851296078569423,0.999202319724711,0.9993770064183289,0.1561425685037452,0.12130553149058465,0.181870272652783,0.1601091334301416,0.21230777665760134,0.1503407820112901,0.009173510396645115
2031-08_2031-09,0,1769,11656,48,5,0.9843490977903128,0.980020424404613,0.983409685696561,0.9851576650288174,0.999206960287554,0.9993812358852424,0.1559601132159567,0.12092046227638072,0.18278790478702403,0.16050391837275646,0.21145776449571374,0.1493606220797877,0.009265614275909403
2031-09_2031-10,0,1798,11853,48,5,0.98435819653773,0.9800546967586587,0.9834293986827892,0.9851755979439323,0.9992116540275985,0.9993850842518577,0.15576519174689402,0.12052027675961367,0.18369989365071787,0.16093754561108164,0.21043212272846923,0.14844651183487564,0.009449084619927444
2031-10_2031-11,0,1828,12063,48,5,0.9843767649777703,0.9800908903903056,0.9834513070743367,0.985192548996856,0.9992168193350294,0.9993891030157619,0.15540403356925028,0.12025002036414907,0.18481603911314057,0.1613645087139918,0.20891323673559783,0.1475135788290658,0.00945038547624969
2031-11_2031-12,0,1861,12264,48,5,0.9843918337214757,0.9801262918398592,0.9834743235967556,0.9852170768849736,0.9992216023362689,0.999393243883843,0.15495070269314273,0.11989441536878155,0.18587664358333894,0.16183821403771076,0.2074295702008977,0.146642531235934,0.009458577951728636
