hub,tau_lo_days,tau_hi_days,realised_vol,n_obs
TTF,0,30.0,0.68049069731615,240
TTF,30,60.0,0.725665308950172,197
TTF,60,90.0,0.6888612800936402,199
TTF,90,120.0,0.6375393263579301,214
TTF,120,180.0,0.6334744280939838,416
TTF,180,270.0,0.6577458015072297,629
TTF,270,365.0,0.7080054546665621,652
TTF,365,540.0,0.6304832140999862,1211
TTF,540,730.0,0.5039834620921705,1312
TTF,730,1095.0,0.45800269674754607,2536
TTF,1095,1460.0,0.3892020031632974,2530
TTF,1460,1825.0,0.23843780402914314,2523
TTF,1825,inf,0.1738785481439053,2884
HH,0,30.0,0.6870858560876928,235
HH,30,60.0,0.5839601084978573,196
HH,60,90.0,0.5464872322422322,199
HH,90,120.0,0.48603742864370403,202
HH,120,180.0,0.4389461466272375,397
HH,180,270.0,0.4147085641246959,614
HH,270,365.0,0.34025543770654015,655
HH,365,540.0,0.2724265987212352,1174
HH,540,730.0,0.20476641623421327,1276
HH,730,1095.0,0.17322136105346936,2468
HH,1095,1460.0,0.14872482218471686,2469
HH,1460,1825.0,0.11234292565910421,2467
HH,1825,inf,0.09022994786295209,5339
