hub,month,future,fwd,days_to_expiry,atm_vol,vol,source,realised_same_maturity
TTF,2026-10,TZTV26 Comdty,74.445,1,0.7955651777500001,0.7955651777500001,live mid,0.6809807312464511
TTF,2026-11,TZTX26 Comdty,74.285,33,0.88616631975,0.88616631975,live mid,0.684660345668659
TTF,2026-12,TZTZ26 Comdty,74.075,63,0.961018936,0.961018936,live mid,0.7003347448901783
TTF,2027-01,TZTF27 Comdty,73.935,91,0.96569840155,0.96569840155,live mid,0.6958603587185348
TTF,2027-02,TZTG27 Comdty,73.4,125,0.950675742,0.950675742,live mid,0.6808762445288383
TTF,2027-03,TZTH27 Comdty,71.215,153,0.9200971086,0.9200971086,live mid,0.6721611845657631
TTF,2027-04,TZTJ27 Comdty,59.46,182,0.7118972862,0.7118972862,settlement,0.6661148741637707
TTF,2027-05,TZTK27 Comdty,55.125,214,0.61250753,0.61250753,settlement,0.6641386912644142
TTF,2027-06,TZTM27 Comdty,53.495,244,0.56312097495,0.56312097495,settlement,0.6627532795982547
TTF,2027-07,TZTN27 Comdty,52.815,274,0.5376446523,0.5376446523,settlement,0.6624978401176423
TTF,2027-08,TZTQ27 Comdty,50.723,306,0.54535777279,0.54535777279,settlement,0.6674034286113394
TTF,2027-09,TZTU27 Comdty,50.47,336,0.5494629392,0.5494629392,settlement,0.6711296099071894
TTF,2027-10,TZTV27 Comdty,50.351,365,0.56710743895,0.56710743895,settlement,0.6741342392914212
TTF,2028-01,TZTF28 Comdty,50.5,456,0.58512606,0.58512606,settlement,0.665659171095831
TTF,2028-02,TZTG28 Comdty,48.435,490,0.5824356247999999,0.5824356247999999,settlement,0.6632811819983099
TTF,2028-03,TZTH28 Comdty,45.047,519,0.56798687076,0.56798687076,settlement,0.6614935015365534
TTF,2028-04,TZTJ28 Comdty,37.3,550,0.43098369,0.43098369,settlement,0.6578022863705505
TTF,2028-05,TZTK28 Comdty,33.476,580,0.4207536564,0.4207536564,settlement,0.6507292129428707
TTF,2028-06,TZTM28 Comdty,32.831,610,0.4200458879,0.4200458879,settlement,0.6442852865387945
TTF,2028-07,TZTN28 Comdty,32.989,641,0.41572996014,0.41572996014,settlement,0.6382013769959782
TTF,2028-08,TZTQ28 Comdty,32.769,672,0.4118063616499999,0.4118063616499999,settlement,0.6326281224317588
TTF,2028-09,TZTU28 Comdty,32.834,701,0.40884930908,0.40884930908,settlement,0.6278214224291927
TTF,2028-10,TZTV28 Comdty,33.148,733,0.44927037384,0.44927037384,settlement,0.6227756570572542
TTF,2028-11,TZTX28 Comdty,33.653,764,0.44809918277,0.44809918277,settlement,0.6169379311933163
TTF,2028-12,TZTZ28 Comdty,34.043,792,0.44758802419,0.44758802419,settlement,0.6120152142620495
TTF,2029-01,TZTF29 Comdty,34.678,825,0.44347749954,0.44347749954,settlement,0.6065968269907941
TTF,2029-02,TZTG29 Comdty,34.508,855,0.44053952896,0.44053952896,settlement,0.6019961491494217
TTF,2029-03,TZTH29 Comdty,33.425,883,0.4310799385,0.4310799385,settlement,0.5979553410932151
TTF,2029-04,TZTJ29 Comdty,28.75,915,0.379848535,0.379848535,settlement,0.5936097274142821
TTF,2029-05,TZTK29 Comdty,27.668,945,0.3775245568399999,0.3775245568399999,settlement,0.5897766952134235
TTF,2029-06,TZTM29 Comdty,27.163,974,0.37647148743,0.37647148743,settlement,0.5862741655170378
TTF,2029-07,TZTN29 Comdty,26.438,1006,0.3655487952599999,0.3655487952599999,settlement,0.5826214317817234
TTF,2029-08,TZTQ29 Comdty,26.438,1037,0.3634434996,0.3634434996,settlement,0.5792778096877671
TTF,2029-09,TZTU29 Comdty,26.738,1065,0.36036191946,0.36036191946,settlement,0.5764097384720404
TTF,2029-10,TZTV29 Comdty,27.098,1098,0.33662083916,0.33662083916,settlement,0.5730612846412092
TTF,2029-11,TZTX29 Comdty,27.518,1128,0.33547479378,0.33547479378,settlement,0.5689325558962447
TTF,2029-12,TZTZ29 Comdty,27.934,1159,0.3351618134,0.3351618134,settlement,0.5648615167971168
TTF,2030-01,TZTF30 Comdty,27.888,1190,0.33331879104,0.33331879104,settlement,0.5609753078780001
TTF,2030-02,TZTG30 Comdty,27.872,1219,0.3343171256,0.3343171256,settlement,0.5574960006404729
TTF,2030-03,TZTH30 Comdty,27.826,1247,0.3352515298399999,0.3352515298399999,settlement,0.5542708913751093
TTF,2030-04,TZTJ30 Comdty,25.705,1280,0.3331309612499999,0.3331309612499999,settlement,0.5506285128664529
TTF,2030-05,TZTK30 Comdty,25.385,1310,0.3337164911,0.3337164911,settlement,0.5474569439914916
TTF,2030-06,TZTM30 Comdty,25.07,1338,0.334182789,0.334182789,settlement,0.5446095219121675
TTF,2030-07,TZTN30 Comdty,23.605,1371,0.333393049,0.333393049,settlement,0.5413850171123842
TTF,2030-08,TZTQ30 Comdty,23.93,1401,0.3347520729,0.3347520729,settlement,0.5385698098629127
TTF,2030-09,TZTU30 Comdty,24.59,1433,0.3368382624,0.3368382624,settlement,0.5356815915242591
TTF,2030-10,TZTV30 Comdty,25.145,1463,0.33861367235,0.33861367235,settlement,0.5328947009732663
TTF,2030-11,TZTX30 Comdty,25.93,1497,,0.3206730094463779,filled,0.5280406131199239
TTF,2030-12,TZTZ30 Comdty,26.39,1526,,0.3182421919604191,filled,0.5240378741370445
TTF,2031-01,TZTF31 Comdty,26.355,1558,,0.3156444842882055,filled,0.5197603231379437
TTF,2031-02,TZTG31 Comdty,26.21,1589,,0.3132083837576329,filled,0.5157488847571265
TTF,2031-03,TZTH31 Comdty,25.95,1617,,0.3110727942322224,filled,0.512232286948296
TTF,2031-04,TZTJ31 Comdty,24.84,1646,,0.3089227694084251,filled,0.5086919190572128
TTF,2031-05,TZTK31 Comdty,24.51,1678,,0.3066200350493716,filled,0.5049000899135435
TTF,2031-06,TZTM31 Comdty,24.405,1708,,0.3045246138786942,filled,0.5014496358774547
TTF,2031-07,TZTN31 Comdty,23.19,1737,,0.3025547384637714,filled,0.4982059134835386
TTF,2031-08,TZTQ31 Comdty,23.375,1770,,0.3003767941744232,filled,0.4946195716212348
TTF,2031-09,TZTU31 Comdty,23.875,1799,,0.2985163435849615,filled,0.49155603511831947
TTF,2031-10,TZTV31 Comdty,25.09,1831,,0.2964634950058794,filled,0.4881756838246066
TTF,2031-11,TZTX31 Comdty,25.805,1862,,0.2942985483382886,filled,0.48461074467459775
TTF,2031-12,TZTZ31 Comdty,26.035,1890,,0.2923910054629183,filled,0.48146966301262045
HH,2026-10,NGV26 Comdty,3.031,1,0.7316820058000002,0.7316820058000002,live mid,0.687359191649535
HH,2026-11,NGX26 Comdty,3.172,33,0.5244666436,0.5244666436,live mid,0.6786295620991181
HH,2026-12,NGZ26 Comdty,3.523,61,0.5558083216,0.5558083216,live mid,0.636474921204447
HH,2027-01,NGF27 Comdty,3.896,95,0.6102593772,0.6102593772,live mid,0.6029860345680996
HH,2027-02,NGG27 Comdty,3.56,124,0.6552419340000001,0.6552419340000001,live mid,0.5763383031586491
HH,2027-03,NGH27 Comdty,2.865,152,0.5387470470000001,0.5387470470000001,live mid,0.5537694254119759
HH,2027-04,NGJ27 Comdty,2.742,182,0.4439042036,0.4439042036,live mid,0.5364854782424672
HH,2027-05,NGK27 Comdty,2.766,216,,0.5053075604387035,filled,0.5193975149537443
HH,2027-06,NGM27 Comdty,2.922,244,,0.4948188100008467,filled,0.5086162970601054
HH,2027-07,NGN27 Comdty,3.148,277,,0.4835338944212815,filled,0.49701671382133444
HH,2027-08,NGQ27 Comdty,3.22,307,,0.4707044532427246,filled,0.4838295375586195
HH,2027-09,NGU27 Comdty,3.205,337,,0.4598912735644236,filled,0.4727148440662406
HH,2027-10,NGV27 Comdty,3.291,369,,0.4496139696131109,filled,0.4621509686156107
HH,2028-01,NGF28 Comdty,4.615,461,,0.4192701284530419,filled,0.43096102228073335
HH,2028-02,NGG28 Comdty,4.212,490,,0.4117388772831092,filled,0.4232197703217098
HH,2028-03,NGH28 Comdty,3.49,519,,0.4049318191911939,filled,0.41622290478101415
HH,2028-04,NGJ28 Comdty,3.26,552,,0.3971112882019506,filled,0.4081843067479564
HH,2028-05,NGK28 Comdty,3.257,580,,0.3898802244966249,filled,0.4007516126561491
HH,2028-06,NGM28 Comdty,3.41,610,,0.3827388920169146,filled,0.3934111518480825
HH,2028-07,NGN28 Comdty,3.622,643,,0.3755188864210868,filled,0.3859898242091901
HH,2028-08,NGQ28 Comdty,3.683,672,,0.3696583217179453,filled,0.3799658440011865
HH,2028-09,NGU28 Comdty,3.641,705,,0.3634759759760336,filled,0.37361111023835514
HH,2028-10,NGV28 Comdty,3.704,734,,0.3583383612363303,filled,0.3683302386711953
HH,2028-11,NGX28 Comdty,3.871,764,,0.3528211529175534,filled,0.3626591889687785
HH,2028-12,NGZ28 Comdty,4.41,796,,0.3473090245186562,filled,0.3569933608343102
HH,2029-01,NGF29 Comdty,4.841,825,,0.3426145763238341,filled,0.35216801303157236
HH,2029-02,NGG29 Comdty,4.38,858,,0.3375878050320362,filled,0.347001075661916
HH,2029-03,NGH29 Comdty,3.457,886,,0.3335627517151775,filled,0.34286378808894225
HH,2029-04,NGJ29 Comdty,3.178,915,,0.3296065966329684,filled,0.33879731990333456
HH,2029-05,NGK29 Comdty,3.16,945,,0.3257236384157041,filled,0.3348060895980422
HH,2029-06,NGM29 Comdty,3.287,978,,0.3216785906258711,filled,0.33064825002785175
HH,2029-07,NGN29 Comdty,3.492,1007,,0.3183040391555342,filled,0.3271796028414634
HH,2029-08,NGQ29 Comdty,3.553,1037,,0.3149768983322997,filled,0.3237596882967675
HH,2029-09,NGU29 Comdty,3.533,1070,,0.3114950943595471,filled,0.32018079798799454
HH,2029-10,NGV29 Comdty,3.589,1098,,0.3086432306692133,filled,0.31724941316473926
HH,2029-11,NGX29 Comdty,3.726,1131,,0.3051101209820577,filled,0.31361778653723654
HH,2029-12,NGZ29 Comdty,4.281,1161,,0.3020394538719841,filled,0.31046149719765537
HH,2030-01,NGF30 Comdty,4.744,1190,,0.2991905343249677,filled,0.30753313861196796
HH,2030-02,NGG30 Comdty,4.3420000000000005,1223,,0.2960822085697844,filled,0.30433814055670966
HH,2030-03,NGH30 Comdty,3.485,1251,,0.2935494401605824,filled,0.30173474864119837
HH,2030-04,NGJ30 Comdty,3.143,1280,,0.2910213321569578,filled,0.29913614708163083
HH,2030-05,NGK30 Comdty,3.106,1310,,0.2885020836872932,filled,0.2965466520945406
HH,2030-06,NGM30 Comdty,3.222,1343,,0.2858370652759356,filled,0.2938073225286752
HH,2030-07,NGN30 Comdty,3.459,1371,,0.2836580686952752,filled,0.2915675669863176
HH,2030-08,NGQ30 Comdty,3.498,1404,,0.2811812944381784,filled,0.2890217305592501
HH,2030-09,NGU30 Comdty,3.466,1434,,0.2790107430787913,filled,0.28679065572402235
HH,2030-10,NGV30 Comdty,3.53,1463,,0.2769485678675146,filled,0.284670978988518
HH,2030-11,NGX30 Comdty,3.683,1496,,0.2743567164540172,filled,0.28200685660307206
HH,2030-12,NGZ30 Comdty,4.233,1524,,0.2722273582146992,filled,0.2798181235134902
HH,2031-01,NGF31 Comdty,4.657,1555,,0.2699408301449367,filled,0.27746783808281994
HH,2031-02,NGG31 Comdty,4.258,1588,,0.2675847059284983,filled,0.2750460158922357
HH,2031-03,NGH31 Comdty,3.43,1616,,0.2656455370201486,filled,0.27305277535730693
HH,2031-04,NGJ31 Comdty,3.0500000000000003,1645,,0.2636924485580222,filled,0.27104522713690704
HH,2031-05,NGK31 Comdty,3.018,1677,,0.2615997131201064,filled,0.26889413803591394
HH,2031-06,NGM31 Comdty,3.139,1707,,0.2596945332902832,filled,0.26693583432818585
HH,2031-07,NGN31 Comdty,3.354,1736,,0.2579027437022279,filled,0.2650940826264145
HH,2031-08,NGQ31 Comdty,3.419,1769,,0.255920821496849,filled,0.2630568966650334
HH,2031-09,NGU31 Comdty,3.401,1798,,0.2542270742059276,filled,0.26131592106375723
HH,2031-10,NGV31 Comdty,3.484,1828,,0.2525066083805142,filled,0.25954748191056753
HH,2031-11,NGX31 Comdty,3.71,1861,,0.2505330697225999,filled,0.25751891326279996
HH,2031-12,NGZ31 Comdty,4.321,1888,,0.2489585660226384,filled,0.25590050623098065
Brent,2026-10,COZ26 Comdty,99.62,33,0.5328729195999999,0.5328729195999999,live mid,0.33568488581086453
Brent,2026-11,COF27 Comdty,96.2,62,0.5047657460000001,0.5047657460000001,live mid,0.33831472629023035
Brent,2026-12,COG27 Comdty,93.46,90,0.4734976136,0.4734976136,live mid,0.32617718667296325
Brent,2027-01,COH27 Comdty,91.29,124,0.4406461812,0.4406461812,live mid,0.3127159108085682
Brent,2027-02,COJ27 Comdty,89.36,152,0.4213133148,0.4213133148,live mid,0.3048126851774039
Brent,2027-03,COK27 Comdty,87.68,181,0.4039651167999999,0.4039651167999999,live mid,0.2989936457670657
Brent,2027-04,COM27 Comdty,86.19,215,0.3875058501,0.3875058501,live mid,0.2916942063241539
Brent,2027-05,CON27 Comdty,84.89,243,0.3754782142,0.3754782142,live mid,0.28712483814520223
Brent,2027-06,COQ27 Comdty,83.66,274,0.3623997314,0.3623997314,live mid,0.2829957142101814
Brent,2027-07,COU27 Comdty,82.53,306,0.3512626658,0.3512626658,live mid,0.2789352465282483
Brent,2027-08,COV27 Comdty,81.55,335,0.343674264,0.343674264,live mid,0.27588693760779587
Brent,2027-09,COX27 Comdty,80.13,368,0.3360870132,0.3360870132,live mid,0.2728772280549032
Brent,2027-10,COZ27 Comdty,79.9,397,0.329044044,0.329044044,live mid,0.26985032955694366
Brent,2028-01,COH28 Comdty,77.51,489,0.3115152185,0.3115152185,settlement,0.26248274600485977
Brent,2028-02,COJ28 Comdty,77.01,518,0.3027962701,0.3027962701,settlement,0.2606716161588988
Brent,2028-03,COK28 Comdty,76.55,551,0.300775777,0.300775777,settlement,0.25837159771932
Brent,2028-04,COM28 Comdty,76.46000000000001,579,0.2944911152,0.2944911152,settlement,0.25586526679218224
Brent,2028-05,CON28 Comdty,75.7,609,0.289597482,0.289597482,settlement,0.2534119995509699
Brent,2028-06,COQ28 Comdty,75.29,642,0.2837507854,0.2837507854,settlement,0.2509545245032393
Brent,2028-07,COU28 Comdty,74.9,671,0.279429484,0.279429484,settlement,0.24897708317939962
Brent,2028-08,COV28 Comdty,74.52,701,0.2764287432,0.2764287432,settlement,0.247089027012737
Brent,2028-09,COX28 Comdty,74.15,733,0.271740595,0.271740595,settlement,0.24517848738520343
Brent,2028-10,COZ28 Comdty,74.07000000000001,763,0.2673812959999999,0.2673812959999999,settlement,0.24305641588292545
Brent,2028-11,COF29 Comdty,73.49,795,0.2658814884,0.2658814884,settlement,0.24095117286786105
Brent,2028-12,COG29 Comdty,73.21000000000001,819,0.2658795401,0.2658795401,settlement,0.23946921835664442
Brent,2029-01,COH29 Comdty,72.98,855,0.2612408724,0.2612408724,settlement,0.23738683213669676
Brent,2029-02,COJ29 Comdty,72.75,883,0.2576455525,0.2576455525,settlement,0.23587317503984997
Brent,2029-03,COK29 Comdty,72.52,914,0.256084354,0.256084354,settlement,0.23429520967635747
Brent,2029-04,COM29 Comdty,72.53,944,0.2517526366,0.2517526366,settlement,0.23285760263463592
Brent,2029-05,CON29 Comdty,72.03,974,0.2510273538999999,0.2510273538999999,settlement,0.23150043519884608
Brent,2029-06,COQ29 Comdty,71.82000000000001,1006,0.247816815,0.247816815,settlement,0.23013399401304477
Brent,2029-07,COU29 Comdty,71.61,1036,0.243751208,0.243751208,settlement,0.22892285738274135
Brent,2029-08,COV29 Comdty,71.41,1069,0.2410554548,0.2410554548,settlement,0.22766233444923087
Brent,2029-09,COX29 Comdty,71.13,1097,0.2396000863,0.2396000863,settlement,0.2266317493099336
Brent,2029-10,COZ29 Comdty,71.07000000000001,1128,0.2391852159,0.2391852159,settlement,0.22532775459136542
Brent,2029-11,COF30 Comdty,70.69,1160,0.2397876456,0.2397876456,settlement,0.22404747994794344
Brent,2029-12,COG30 Comdty,70.56,1184,0.2391501419999999,0.2391501419999999,settlement,0.223128189445232
Brent,2030-01,COH30 Comdty,70.45,1222,0.2389870485,0.2389870485,settlement,0.2217393265276275
Brent,2030-02,COJ30 Comdty,70.34,1250,0.240060431,0.240060431,settlement,0.22076481077003127
Brent,2030-03,COK30 Comdty,70.22,1279,0.2385046034,0.2385046034,settlement,0.21979621905299102
Brent,2030-04,COM30 Comdty,70.08,1309,0.2367799868,0.2367799868,settlement,0.2188351806662102
Brent,2030-05,CON30 Comdty,69.92,1342,0.2372343623999999,0.2372343623999999,settlement,0.21782311322635312
Brent,2030-06,COQ30 Comdty,69.75,1370,0.237172485,0.237172485,settlement,0.2169991600064559
Brent,2030-07,COU30 Comdty,69.59,1401,0.2385343207999999,0.2385343207999999,settlement,0.21612191062937935
Brent,2030-08,COV30 Comdty,69.43,1433,0.2388545535999999,0.2388545535999999,settlement,0.2152526690492999
Brent,2030-09,COX30 Comdty,69.27,1462,0.2382064302,0.2382064302,settlement,0.2144841766759773
Brent,2030-10,COZ30 Comdty,69.22,1498,,0.2317984802222532,filled,0.2133912971509961
Brent,2030-11,COF31 Comdty,68.97,1527,,0.2308787018462044,filled,0.21254455863671293
Brent,2030-12,COG31 Comdty,68.86,1558,,0.2299295206784127,filled,0.21167075221472015
Brent,2031-01,COH31 Comdty,68.76,1590,,0.228984659396798,filled,0.21080092263551764
Brent,2031-02,COJ31 Comdty,68.65,1618,,0.228185527219205,filled,0.2100652497708458
Brent,2031-03,COK31 Comdty,68.55,1649,,0.2273293294256375,filled,0.20927704288695256
Brent,2031-04,COM31 Comdty,68.42,1679,,0.2265279379132031,filled,0.20853929010186004
Brent,2031-05,CON31 Comdty,68.29,1709,,0.2257519850932359,filled,0.20782495591544944
Brent,2031-06,COQ31 Comdty,68.16,1740,,0.2249756122025875,filled,0.20711023501628958
Brent,2031-07,COU31 Comdty,68.04,1771,,0.2242238702864717,filled,0.2064181891389874
Brent,2031-08,COV31 Comdty,67.92,1800,,0.2235418925805334,filled,0.20579036747614174
Brent,2031-09,COX31 Comdty,67.78,1832,,0.2227447465157178,filled,0.20505652300646823
Brent,2031-10,COZ31 Comdty,67.89,1863,,0.2217658785385537,filled,0.20415538721305698
Brent,2031-11,COF32 Comdty,67.51,1891,,0.2209057668678181,filled,0.2033635772540917
Brent,2031-12,COG32 Comdty,67.39,1923,,0.2199495288615452,filled,0.2024832743791634
