pair,window_lo,window_hi,n_obs,n_anchors,return_days,TTF_M/TTF_M1,TTF_M/TTF_M1 daily,HH_M/HH_M1,HH_M/HH_M1 daily,Brent_M/Brent_M1,Brent_M/Brent_M1 daily,TTF_M/HH_M,TTF_M/HH_M daily,TTF_M/Brent_M,TTF_M/Brent_M daily,HH_M/Brent_M,HH_M/Brent_M daily,max_stale_share,gap
2026-10_2026-11,0,45,24,4,5,0.9548557455864048,0.9765925133721745,0.9601224559418776,0.9545897222751036,0.9988885535494024,0.9986570351816572,0.3460207271134333,0.1249776940229549,0.2984150951644886,0.0518400037231324,0.2398885637005068,0.0900111518586663,0.0,1
2026-11_2026-12,0,45,24,4,5,0.9767490979588233,0.9599117849363472,0.9667243484684196,0.9522515039147468,0.9988095949595702,0.9988386407434384,0.1655324957953396,0.2319784342053756,0.1335735044248157,0.1526791295593073,-0.1177175169594234,0.1165636308874665,0.0,1
2026-12_2027-01,0,62,32,4,5,0.9950656096733866,0.9950627300267064,0.981569576944204,0.985256956006747,0.999007747778322,0.999187457142317,0.2990681722965009,0.082531955107639,-0.4525569050298801,0.0395427937844024,-0.0736984382693615,0.0705137704967784,0.0,1
2027-01_2027-02,0,96,52,4,5,0.9981336840740196,0.9983086893069296,0.9884707201615098,0.9798172924662996,0.9989988018930402,0.9993045602829282,0.2153691940435265,0.129548487128422,0.0188749317588312,0.0141056703886058,0.2296355784851216,0.1295887951364035,0.0,1
2027-02_2027-03,0,125,67,4,5,0.9986869244832118,0.9985998840320648,0.916432452212131,0.932696642150158,0.9992623408978624,0.9992926761630712,0.3968628983367878,0.1002619360146832,-0.0155599189009148,0.0787059046704292,0.279187875855992,0.1035160184379862,0.0,1
2027-03_2027-04,0,153,80,4,5,0.9874588214153588,0.992426985536911,0.9785506665018908,0.9793547530323994,0.9992351122918924,0.999444357231669,0.3785638569239602,0.1952648142015611,-0.099181115725526,0.1128155068346466,0.0792779958287117,0.1586445073039184,0.0,1
2027-04_2027-05,0,186,100,4,5,0.997294771214742,0.9969699028576734,0.9934446427723196,0.9945839805721742,0.9955741301613432,0.9969906212430008,0.3972698369402378,0.2058178876092251,0.2221793915982838,0.2393645786132442,0.1721136473872184,0.1621557995758258,0.01,1
2027-05_2027-06,0,216,116,4,5,0.9992223920662764,0.9990170633579616,0.9934224968327934,0.992340435446043,0.9940304902129148,0.9949652700872678,0.2953020065305611,0.1683915312116877,0.3046599339867981,0.2920217797181425,0.2182648882299173,0.1626411936248497,0.0086206896551724,1
2027-06_2027-07,0,244,132,4,5,0.9992319744071096,0.999122289378991,0.9874969926915372,0.9907067464509668,0.9960864447878348,0.996519560478721,0.22747076942044,0.1649074519235838,0.2438000447397527,0.2967686275612373,0.1019077041291411,0.1700737178052797,0.0075757575757575,1
2027-07_2027-08,0,277,150,4,5,0.9991176424903512,0.9985812075104524,0.9956475205241752,0.9949691911787064,0.9973752582899196,0.9981580800787556,0.1531597842916355,0.15397282696138,0.2503650103456676,0.2729548618168346,0.1660983935247001,0.1787937039403801,0.0066666666666666,1
2027-08_2027-09,0,307,167,4,5,0.998271972416443,0.9978841201690468,0.9946225388456,0.9959608000517064,0.9979746691115232,0.9981181621867876,0.1890814610984383,0.1542364646433695,0.3202112646130963,0.2827831857168912,0.0490089784835133,0.171284912040203,0.0,1
2027-09_2027-10,0,337,184,4,5,0.9924202726773924,0.9924145332772089,0.9969013930921388,0.9970471904958558,0.9985512627168116,0.9986130976445622,0.2919677492371988,0.1659169370492224,0.2297149181911222,0.2729409045148053,0.0967253422689912,0.1726934976482408,0.0054347826086956,1
2028-01_2028-02,0,461,252,4,5,0.996088607512448,0.99746497584503,0.9924400513584084,0.990754471937294,0.9996261705025182,0.9996586178081824,0.1501271468887382,0.1232402554568281,0.1607045461551052,0.1137617139048658,0.192194609031401,0.1719154219043799,0.0039682539682539,1
2028-02_2028-03,0,490,267,4,5,0.99720731624416,0.9961106717442836,0.9300129100359792,0.9535538119528691,0.999672792623264,0.9996474469959504,0.2117006835656489,0.1091869450328606,0.1236340799299047,0.1124140632729168,0.2230844786067043,0.1515090378203147,0.0,1
2028-03_2028-04,0,519,283,4,5,0.8781412499148286,0.8825054796715747,0.9581876777656684,0.962070468985233,0.9996610901085304,0.9996947231724465,0.1917100290642345,0.1468286039901762,0.0333616574822398,0.1142530962267092,0.2147377905152113,0.1785260522971398,0.0070671378091872,1
2028-04_2028-05,0,552,301,4,5,0.9751302007047742,0.9726161680655724,0.9949518471804564,0.9949271936498096,0.9977246638095464,0.9984947361532736,0.2931737304604933,0.1763389679020033,0.1594956618908307,0.1932645554751973,0.2413765003362993,0.1675114671909296,0.0033222591362126,1
2028-05_2028-06,0,580,316,4,5,0.996516758336183,0.9946209266206196,0.9939665776854758,0.9934469711493836,0.996624996090046,0.9972665268598632,0.2771961959004544,0.1586015725906334,0.2640837429259343,0.2220085346606996,0.2653903887863685,0.1681938229509277,0.0063291139240506,1
2028-06_2028-07,0,610,333,4,5,0.9965784269900604,0.9926802072873476,0.9901828662946855,0.9919519398105952,0.9975330870594008,0.998059112744285,0.1631390439333552,0.1534348168876307,0.1331474892219862,0.2226168751985825,0.186329000774511,0.1722203835575584,0.006006006006006,1
2028-07_2028-08,0,643,350,4,5,0.9984884107277248,0.9974660191537466,0.9964694339928112,0.9958896776797368,0.9983397042322172,0.998877238806672,0.12734011072309,0.1477389028173334,0.1934794904609038,0.2188408035585742,0.2159654324167747,0.180350513327721,0.0085714285714285,1
2028-08_2028-09,0,672,366,4,5,0.9982499984769114,0.9974418655838984,0.995945124929515,0.9966559630119992,0.9986936677961832,0.9987809622347172,0.1474562515394878,0.1462143661934777,0.2231489082297058,0.2229083527581081,0.1262762056661322,0.1741342264857334,0.0027322404371584,1
2028-09_2028-10,0,705,385,4,5,0.9927223955210984,0.9913745586540148,0.9975181134917184,0.9973294562608036,0.9989307318601346,0.9990719537331542,0.2603137221475054,0.1535740908166845,0.2002270284679289,0.2180308750645543,0.1868393062660108,0.1751807795585421,0.0077922077922077,1
2028-10_2028-11,0,734,402,4,5,0.9894584270950788,0.990671475569736,0.985577926529801,0.98681936847189,0.9994399552469152,0.999616936058262,0.1639864197135915,0.1252207839489096,0.1433794016885899,0.1519488144310224,0.2814967921188591,0.1724456786758817,0.0049751243781094,1
2028-11_2028-12,0,764,418,4,5,0.9953631604624302,0.992409227768742,0.9878158622020842,0.984753152703372,0.999597471223819,0.9996420948533,0.0610026202530405,0.1316413374397576,0.0898727658731405,0.152608490740864,0.2180179379370819,0.1683509658609041,0.0071770334928229,1
2028-12_2029-01,0,796,436,4,5,0.9964895939680464,0.9942790261949592,0.9940203400837204,0.9938694171387672,0.9997031833187304,0.9996785730852746,0.1491799665492511,0.1197340495550554,0.1255266542056682,0.1310324616087805,0.2198910012346882,0.1602181682399353,0.0091743119266055,1
2029-01_2029-02,0,825,452,4,5,0.995939140834696,0.9970755780283904,0.9930367537891276,0.9911220484455826,0.9996882250580412,0.9997040499180744,0.1423758176371741,0.1254020314428834,0.1476687662082053,0.1135314130853746,0.2176709827958724,0.1683115733365297,0.0044247787610619,1
2029-02_2029-03,0,858,469,4,5,0.997022615252244,0.995634520485199,0.9344228980625598,0.9550118807551264,0.9997206106413128,0.9996918322741248,0.2040230217564513,0.1117662488715122,0.1536487011168791,0.1123499556031199,0.2158205996105157,0.1498080003509452,0.0063965884861407,1
2029-03_2029-04,0,886,485,4,5,0.9003103760294086,0.8877361861663198,0.9585191156582354,0.9595044214628258,0.999707133259561,0.9997163751703224,0.1869440389248733,0.1433829349742808,0.1000277644292011,0.1129517580817289,0.2210079014259037,0.1747152561666085,0.0041237113402061,1
2029-04_2029-05,0,915,501,4,5,0.9779367135406266,0.9724821842545912,0.9951445018939842,0.9946879428324398,0.9982623097718996,0.998836295599696,0.2641273220157701,0.164207439517643,0.1963875459103324,0.1829072857132662,0.2352895494492041,0.1654059077080191,0.0039920159680638,1
2029-05_2029-06,0,945,517,4,5,0.994860258805734,0.9927787364161555,0.9941235078411574,0.9933628953010508,0.9973092700792784,0.9979019274992086,0.265841143135323,0.1506423236349471,0.2645938355769031,0.2030026199851635,0.2795564878725209,0.1654626629750804,0.0038684719535783,1
2029-06_2029-07,0,978,535,4,5,0.9927129834219716,0.9897737766570572,0.991062747715486,0.9918513416521908,0.9979546640865568,0.9984808992370912,0.1304044211571032,0.1441548817940968,0.1225685371250316,0.20310786893275,0.2007942809845757,0.1691222435648131,0.0037383177570093,1
2029-07_2029-08,0,1007,550,4,5,0.9982174130960384,0.9975367893178418,0.9967731287930492,0.9960041148443616,0.9986349478305208,0.9990802487185172,0.1253325697660896,0.1397107186480244,0.1971467593684179,0.2029113890536683,0.2302412235910334,0.1748422255556267,0.009090909090909,1
2029-08_2029-09,0,1037,568,4,5,0.9982650660760364,0.99727150674755,0.9962976631004432,0.9966242848400372,0.998912764697426,0.9989880623340226,0.123917914083815,0.1386642887972228,0.2090882682350844,0.2055980731579541,0.1584399170004282,0.1686333959387624,0.005281690140845,1
2029-09_2029-10,0,1070,585,4,5,0.99080462184972,0.988183833270028,0.997581823047596,0.9971362899527234,0.9990254230151108,0.999208715155194,0.2506105612563993,0.145071598421101,0.212057538074994,0.2015891117773125,0.2077025129336229,0.1694056612930684,0.0102564102564102,1
2029-10_2029-11,0,1098,602,4,5,0.9910780256018284,0.9917115900268708,0.9860800092977304,0.9868705743258076,0.9995004369952144,0.9996601169178616,0.1738064610211834,0.1228418226953215,0.1652934784657881,0.1558372123429702,0.2714401729377473,0.1647704181560238,0.0066445182724252,1
2029-11_2029-12,0,1131,622,4,5,0.995770910874128,0.9929665026139248,0.9881702344102978,0.98516108064107,0.9996416901659148,0.999673823405524,0.0608572826866588,0.1288888644485872,0.1192350277463992,0.1555299714250078,0.2230061117576479,0.16136392290467,0.0112540192926045,1
2029-12_2030-01,0,1161,638,4,5,0.9947250037082396,0.9892967127989912,0.994078470260394,0.993626439770985,0.999729214331868,0.9997015018719472,0.1354334015622617,0.1179588654968085,0.1469530516325666,0.1370704832311337,0.2139991828858526,0.1538925085154835,0.0094043887147335,1
2030-01_2030-02,0,1190,653,4,5,0.9965365065552924,0.9972303781287484,0.99309643272162,0.9910261522979744,0.9997050839699244,0.9997081374340072,0.1416079347914809,0.1213986951416857,0.1759116714098161,0.1215292015139136,0.2069625111446619,0.1594983941972863,0.006125574272588,1
2030-02_2030-03,0,1223,670,4,5,0.9967402936097688,0.995418353619012,0.9359070731571684,0.955259355049176,0.999703555853872,0.9997057673714522,0.2034655146668434,0.1082384050539018,0.169601532711308,0.1192291228245028,0.2132569558645994,0.1435871041515213,0.0059701492537313,1
2030-03_2030-04,0,1251,685,4,5,0.904480237615766,0.8830793500182856,0.957098323035493,0.9566899109684084,0.9997227214321092,0.9997178337922196,0.1730254387665357,0.136931108752813,0.1333772795478119,0.1196152048870371,0.2132457325120045,0.1669453569273634,0.002919708029197,1
2030-04_2030-05,0,1280,702,4,5,0.9799560255260408,0.9757973721428336,0.9949110725909592,0.9942100448023647,0.9984905031860974,0.9990052323570858,0.2510887749597438,0.1508590729294725,0.198656922739489,0.1797498208780257,0.2318664552345851,0.1601344507192302,0.0056980056980056,1
2030-05_2030-06,0,1310,718,4,5,0.9951632370812548,0.9930538874275302,0.994195406725188,0.99326485131441,0.9977162125894948,0.9982384396377214,0.2428326765368333,0.1381816374717148,0.2575942552218602,0.1957131292455185,0.2647571355856277,0.1603117870239293,0.0041782729805013,1
2030-06_2030-07,0,1343,737,4,5,0.9913554566313888,0.9885664382749604,0.9915520329728824,0.9920894433946444,0.998191105574517,0.9987131107251144,0.1081164070382539,0.1329610616492232,0.1193421863067704,0.1947789119830939,0.1991642634473326,0.1633200070047356,0.005427408412483,1
2030-07_2030-08,0,1371,751,4,5,0.99806580253169,0.9974057236316534,0.9968959686510636,0.9961670038262822,0.998799858441852,0.9991925863331326,0.1108789272220645,0.1292361017912107,0.1859439959773095,0.1954913430353492,0.219513681144002,0.168327262877587,0.0119840213049267,1
2030-08_2030-09,0,1404,769,4,5,0.9983087488061524,0.9973236950759728,0.99653450557986,0.9967906922241442,0.9990665613144316,0.9991088169668394,0.1159878052604823,0.1287189782347989,0.2213622884965942,0.1970944910933066,0.1620392124234893,0.1630685482742898,0.0078023407022106,1
2030-09_2030-10,0,1434,786,4,5,0.9859852995954996,0.9755838709630584,0.997651643346291,0.9972267289912272,0.9990864063057364,0.9992895876180612,0.2370909881437949,0.135257125372281,0.21100484163214,0.1938523238336551,0.2050656897587527,0.1629470519547274,0.0089058524173027,1
2030-10_2030-11,0,1463,803,4,5,0.9917812123979984,0.9922606951455826,0.9867074652906146,0.9873491709989716,0.999537288221698,0.9996842415692994,0.1717886123901176,0.1196754889835557,0.1735912075173449,0.1543093870470285,0.2706428407376052,0.1584410712684668,0.0087173100871731,1
2030-11_2030-12,0,1496,822,4,5,0.9961590112962933,0.9933167115926804,0.9886156791740336,0.985761409213982,0.9996764607911952,0.9996955803178909,0.0633744024785926,0.1252164498035491,0.1380963022170592,0.1529626603912167,0.2164506393582714,0.155594700963128,0.0121654501216545,1
2030-12_2031-01,0,1524,838,4,5,0.9906478876405936,0.9786551799562756,0.9941820618037238,0.9936856459329472,0.9997352084700688,0.9997175174766352,0.1257979093246657,0.1154336867509087,0.1501896478370527,0.1359692586022532,0.2157135149594733,0.1485454966484098,0.0107398568019093,1
2031-01_2031-02,0,1555,854,4,5,0.9966250236925006,0.9971935252581604,0.9932330480758524,0.9911949679640888,0.9997151293899754,0.999722774847108,0.1453941060485293,0.1161088847119929,0.179151354226569,0.1261047759587592,0.2020664662120735,0.1524707649696514,0.009367681498829,1
2031-02_2031-03,0,1588,871,4,5,0.9967366269255729,0.9956516854323516,0.9374479609840998,0.9560631221767116,0.9997069818366834,0.9997192684959862,0.2027681974707832,0.104305902595825,0.1736785033289389,0.123871424989599,0.2054145539249001,0.1379354049940399,0.0080367393800229,1
2031-03_2031-04,0,1616,886,4,5,0.9051031554566992,0.8804754470131709,0.9568216536510964,0.955596213294852,0.999728719858239,0.9997196747197616,0.1633959200277968,0.1306073194536482,0.1475342523708648,0.1238378002874762,0.2034783540098908,0.1591176219882339,0.0079006772009029,1
2031-04_2031-05,0,1645,903,4,5,0.9812719692056964,0.9779740138155996,0.9950329215314744,0.9943734399735566,0.9986533581258826,0.9991037777966496,0.2334263307554769,0.1395176340983651,0.2028619813906016,0.170364738247722,0.2277668498198935,0.1528403632628397,0.0077519379844961,1
2031-05_2031-06,0,1677,921,4,5,0.995594648166859,0.9937596961838197,0.994474943486488,0.9935937334611284,0.9980022684905788,0.9984536306354008,0.2258684103500035,0.1277807405784314,0.2483822505275653,0.1848310244920376,0.2554836374954778,0.1533741316861923,0.004343105320304,1
2031-06_2031-07,0,1707,937,4,5,0.9921823938480692,0.9898518210276944,0.9919636255837204,0.9924414405670464,0.9983490568321536,0.9988584983928888,0.1041724220513731,0.1233060221824601,0.1272250709976663,0.1848948492511737,0.2015030022337589,0.1557695479296356,0.0042689434364994,1
2031-07_2031-08,0,1736,953,4,5,0.9981086712478318,0.9975617156693402,0.9970768405212712,0.9963995505056484,0.9989027972007664,0.9992669920012444,0.1032758252490408,0.1198088471177083,0.1851790204416284,0.1856119268082171,0.2246013261335464,0.1601994563024061,0.0136411332633788,1
2031-08_2031-09,0,1769,970,4,5,0.9981185165982924,0.9972979463242182,0.9967407155756404,0.9969944922300892,0.999126434611736,0.9991862891190788,0.1161703986882526,0.1195453173789991,0.2176635274128555,0.1868932375002437,0.1620529163224818,0.1552945273331953,0.0103092783505154,1
2031-09_2031-10,0,1798,987,4,5,0.982721758295274,0.9708047146846897,0.9977716252927183,0.997365312529547,0.9991467293190904,0.9993455829660018,0.2210150497221591,0.1268691732536765,0.2082433373791406,0.1846600722829746,0.2066864086057697,0.1550173256840107,0.0101317122593718,1
2031-10_2031-11,0,1828,1006,4,5,0.9918246169029344,0.9923418664613431,0.986849361145731,0.9875162649585092,0.9995652529724554,0.9997009679071778,0.1711447206546128,0.11677921440114,0.1870675645327393,0.1601382897639484,0.2558612141041527,0.1471465150879524,0.0109343936381709,1
2031-11_2031-12,0,1861,1023,4,5,0.9961671471769502,0.9933974861410508,0.9887038803397602,0.9860055825664172,0.9996888904330355,0.9997123949554128,0.0628292917633941,0.1221593732391505,0.1545155831642748,0.1586375580096644,0.2049814051139163,0.144588304052016,0.0146627565982404,1
